zone,zone_area_m2,hour,day_of_week,is_weekend,occupancy,temperature_c,humidity_pct,cooling_need_kwh
Lab-A,95,9,5,1,40,33.6,60.68,12.21
Lab-A,95,13,3,0,56,31.94,64.59,27.19
Lab-A,95,18,3,0,33,34.76,58.33,21.83
Lab-A,95,12,3,0,30,22.86,54.4,14.59
Lab-A,95,19,5,1,21,31.89,45.6,14.85
Lab-A,95,16,3,0,52,32.23,38.56,26.13
Lab-A,95,14,0,0,35,30.61,62.77,22.27
Lab-A,95,10,2,0,24,25.3,50.66,18.9
Lab-A,95,14,0,0,42,22.86,59.47,19.79
Lab-A,95,14,1,0,49,30.9,43.74,22.93
Lab-A,95,13,5,1,50,23.9,60.03,16.38
Lab-A,95,13,5,1,17,19.13,64.62,10.82
Lab-A,95,14,4,0,21,26.8,55.02,17.24
Lab-A,95,18,1,0,13,30.36,50.73,11.62
Lab-A,95,9,5,1,36,28.41,54.61,14.34
Lab-A,95,16,4,0,9,26.42,39.44,14.32
Lab-A,95,20,5,1,9,19.99,42.38,6.6
Lab-A,95,11,3,0,41,28.47,64.49,23.65
Lab-A,95,13,2,0,28,21.84,31.0,13.13
Lab-A,95,18,5,1,44,26.85,37.1,12.34
Lab-A,95,20,1,0,32,26.58,46.76,13.89
Lab-A,95,17,4,0,39,25.15,33.86,15.6
Lab-A,95,12,6,1,26,30.9,41.7,18.36
Lab-A,95,19,1,0,46,31.19,49.77,18.61
Lab-A,95,9,0,0,30,26.75,38.9,14.9
Lab-A,95,19,5,1,36,22.01,67.69,10.82
Lab-A,95,14,5,1,41,29.66,55.7,17.4
Lab-A,95,13,4,0,12,26.07,31.83,16.84
Lab-A,95,10,2,0,41,20.76,55.86,15.46
Lab-A,95,9,2,0,54,28.88,45.26,19.59
Lab-A,95,11,0,0,15,27.2,64.44,19.2
Lab-A,95,20,1,0,32,27.34,71.26,14.5
Lab-A,95,15,3,0,48,24.64,52.91,19.09
Lab-A,95,11,1,0,9,33.05,69.43,20.88
Lab-A,95,11,3,0,23,30.43,42.37,20.26
Lab-A,95,9,5,1,44,32.07,34.74,13.54
Lab-A,95,20,1,0,19,28.43,46.32,12.62
Lab-A,95,8,3,0,48,24.39,71.93,17.3
Lab-A,95,16,3,0,53,34.91,37.24,26.29
Lab-A,95,11,2,0,29,35.87,69.23,29.0
Lab-A,95,18,6,1,19,27.82,43.9,11.06
Lab-A,95,19,2,0,41,25.35,34.16,17.2
Lab-A,95,12,1,0,8,23.1,35.4,15.04
Lab-A,95,20,6,1,15,22.05,56.37,6.33
Lab-A,95,11,2,0,57,35.52,52.03,28.78
Lab-A,95,18,6,1,8,22.9,35.8,8.4
Lab-A,95,20,0,0,22,30.8,55.57,14.62
Lab-A,95,14,6,1,48,31.16,62.52,19.86
Lab-A,95,13,0,0,36,25.76,43.24,20.34
Lab-A,95,20,3,0,41,35.25,42.6,18.98
Lab-A,95,14,0,0,37,29.78,34.66,21.11
Lab-A,95,15,5,1,28,35.43,56.23,17.91
Lab-A,95,17,5,1,29,32.34,30.78,18.8
Lab-A,95,14,2,0,49,32.55,40.24,24.75
Lab-A,95,17,4,0,54,29.25,48.15,22.43
Lab-A,95,19,0,0,40,33.75,49.97,23.5
Lab-A,95,11,1,0,57,32.88,34.63,24.03
Lab-A,95,17,3,0,37,21.48,66.29,15.4
Lab-A,95,20,1,0,53,21.81,42.53,14.1
Lab-A,95,19,3,0,13,19.36,32.44,8.17
Lab-A,95,18,0,0,29,30.57,47.32,17.13
Lab-A,95,15,6,1,33,33.88,67.45,20.32
Lab-A,95,14,1,0,52,23.24,55.13,20.66
Lab-A,95,11,1,0,10,25.35,53.05,12.93
Lab-A,95,9,5,1,13,34.72,34.36,14.35
Lab-A,95,8,5,1,53,35.65,65.29,18.46
Lab-A,95,16,4,0,38,21.29,53.59,16.66
Lab-A,95,18,6,1,50,26.87,46.94,13.58
Lab-A,95,11,1,0,11,27.12,48.34,19.12
Lab-A,95,9,2,0,26,25.23,44.41,12.98
Lab-A,95,10,4,0,19,35.13,70.32,27.31
Lab-A,95,11,5,1,24,28.1,67.34,16.33
Lab-A,95,10,5,1,35,29.76,42.68,18.3
Lab-A,95,14,0,0,18,30.81,67.87,21.01
Lab-A,95,20,4,0,39,31.34,33.72,14.6
Lab-A,95,9,5,1,14,35.3,65.24,16.93
Lab-A,95,13,5,1,57,35.08,41.15,19.76
Lab-A,95,18,0,0,12,29.47,37.54,15.48
Lab-A,95,8,4,0,31,27.88,63.61,16.82
Lab-A,95,14,3,0,32,29.19,70.97,23.14
Lab-A,95,18,0,0,44,30.18,48.42,17.1
Lab-A,95,9,1,0,41,24.67,69.53,16.23
Lab-A,95,16,1,0,47,24.35,36.93,19.52
Lab-A,95,12,0,0,54,26.44,46.87,24.64
Lab-A,95,10,3,0,55,32.27,51.09,26.47
Lab-A,95,20,4,0,57,31.2,71.85,22.38
Lab-A,95,11,5,1,51,21.07,55.88,13.53
Lab-A,95,16,3,0,8,26.72,66.32,14.17
Lab-A,95,20,3,0,23,24.13,70.41,13.92
Lab-A,95,13,3,0,13,35.95,68.68,22.9
Lab-A,95,18,5,1,10,35.98,59.29,14.15
Lab-A,95,9,4,0,12,34.25,31.28,14.42
Lab-A,95,13,1,0,50,22.37,70.07,20.94
Lab-A,95,18,6,1,9,19.09,32.27,1.98
Lab-A,95,20,5,1,56,33.44,32.52,17.4
Lab-A,95,11,6,1,54,32.13,60.72,23.35
Lab-A,95,13,0,0,30,21.12,52.2,17.41
Lab-A,95,10,3,0,39,33.47,36.83,21.29
Lab-A,95,8,1,0,8,31.07,73.13,13.06
Lab-A,95,11,3,0,10,29.48,31.86,16.22
Lab-A,95,13,4,0,28,20.56,38.08,11.45
Lab-A,95,10,4,0,30,32.33,58.0,23.72
Lab-A,95,13,1,0,20,24.12,55.43,17.66
Lab-A,95,20,1,0,40,34.99,36.53,19.44
Lab-A,95,16,2,0,53,21.03,35.9,17.65
Lab-A,95,14,0,0,23,26.27,56.88,17.74
Lab-A,95,20,2,0,15,22.7,55.89,8.96
Lab-A,95,13,6,1,9,26.11,50.86,13.85
Lab-A,95,9,4,0,25,30.93,58.51,17.11
Lab-A,95,15,4,0,23,32.39,54.16,19.81
Lab-A,95,14,4,0,34,27.72,62.42,20.97
Lab-A,95,12,0,0,54,27.56,52.89,21.73
Lab-A,95,11,2,0,33,27.4,35.1,19.91
Lab-A,95,18,6,1,50,19.94,42.35,10.95
Lab-A,95,14,1,0,44,31.63,30.65,19.45
Lab-A,95,12,4,0,50,25.33,36.76,18.66
Lab-A,95,16,0,0,33,35.29,73.8,27.43
Lab-A,95,12,2,0,23,30.69,61.04,20.59
Lab-A,95,20,4,0,24,22.55,53.1,13.03
Lab-A,95,8,4,0,16,33.22,73.52,15.95
Lab-A,95,10,5,1,48,21.41,49.72,13.07
Lab-A,95,20,2,0,12,31.84,49.09,18.07
Lab-A,95,19,1,0,23,34.42,31.96,14.3
Lab-A,95,10,1,0,22,27.33,55.8,13.99
Lab-A,95,8,0,0,21,33.34,58.05,17.26
Lab-A,95,11,2,0,41,31.97,32.56,21.13
Lab-A,95,17,3,0,52,33.36,51.23,27.29
Lab-A,95,12,4,0,50,27.58,70.02,22.27
Lab-A,95,9,5,1,27,27.48,53.38,10.03
Lab-A,95,12,0,0,27,34.59,57.76,22.86
Lab-A,95,8,2,0,23,19.42,70.81,11.86
Lab-A,95,10,2,0,23,29.17,30.32,18.6
Lab-A,95,10,4,0,34,35.69,57.3,28.28
Lab-A,95,16,6,1,46,34.36,61.71,19.19
Lab-A,95,16,5,1,31,20.94,62.23,10.1
Lab-A,95,19,4,0,35,30.12,72.67,16.02
Lab-A,95,10,2,0,49,31.75,45.25,21.83
Lab-A,95,17,2,0,10,32.21,51.55,21.07
Lab-A,95,19,3,0,24,26.0,64.92,16.58
Lab-A,95,20,1,0,35,32.64,70.69,20.86
Lab-A,95,11,0,0,10,19.83,34.81,10.35
Lab-A,95,12,5,1,43,32.15,68.08,17.72
Lab-A,95,13,5,1,27,22.99,57.36,11.82
Lab-A,95,8,3,0,8,27.75,59.8,13.93
Lab-A,95,17,2,0,42,30.42,40.46,18.17
Lab-A,95,19,3,0,25,33.51,43.15,13.93
Lab-A,95,13,2,0,13,34.07,38.25,21.56
Lab-A,95,11,4,0,25,31.2,65.53,25.76
Lab-A,95,16,2,0,46,21.33,55.29,14.62
Lab-A,95,13,0,0,27,34.56,51.86,23.53
Lab-A,95,9,2,0,12,22.43,30.78,7.66
Lab-A,95,8,6,1,39,24.84,48.5,8.39
Lab-A,95,20,5,1,33,23.84,69.47,8.19
Lab-A,95,15,3,0,24,34.45,53.3,18.79
Lab-A,95,10,4,0,38,24.09,40.62,19.02
Lab-A,95,16,1,0,15,33.86,42.46,21.7
Lab-A,95,11,5,1,37,26.45,50.96,17.62
Lab-A,95,18,4,0,41,32.85,69.71,19.49
Lab-A,95,14,1,0,16,20.73,58.73,12.22
Lab-A,95,15,5,1,33,26.36,31.58,9.83
Lab-A,95,17,0,0,22,23.18,32.88,12.32
Lab-A,95,8,1,0,33,24.31,32.24,10.96
Lab-A,95,16,2,0,46,30.87,39.11,24.36
Lab-A,95,8,3,0,27,26.08,30.07,14.23
Lab-A,95,13,6,1,16,27.64,51.54,10.74
Lab-A,95,8,2,0,29,32.27,67.01,18.23
Lab-A,95,10,2,0,37,27.16,60.06,23.36
Lab-A,95,11,5,1,24,34.82,32.14,15.43
Lab-A,95,19,4,0,17,19.81,36.08,9.16
Lab-A,95,9,0,0,8,22.2,31.38,5.74
Lab-A,95,17,4,0,31,28.68,55.97,17.27
Lab-A,95,11,3,0,8,33.51,57.24,21.49
Lab-A,95,19,5,1,57,23.32,70.43,11.48
Lab-A,95,19,6,1,38,35.74,45.91,14.22
Lab-A,95,9,2,0,35,29.21,39.52,17.23
Lab-A,95,18,4,0,23,20.33,31.31,6.21
Lab-A,95,12,0,0,43,31.33,61.16,27.72
Lab-A,95,10,5,1,23,34.13,56.13,18.16
Lab-A,95,18,1,0,41,21.94,52.32,11.13
Lab-A,95,17,1,0,8,19.28,73.7,13.32
Lab-A,95,13,0,0,36,33.97,53.59,22.95
Lab-A,95,19,1,0,21,19.86,56.16,11.07
Lab-A,95,12,4,0,56,19.31,56.21,19.81
Lab-A,95,18,5,1,51,23.31,56.87,10.27
Lab-A,95,14,2,0,45,31.34,54.95,24.29
Lab-A,95,16,5,1,57,26.13,52.64,17.29
Lab-A,95,8,5,1,25,25.94,34.14,10.6
Lab-A,95,14,4,0,27,30.6,36.57,18.07
Lab-A,95,11,1,0,42,33.6,70.15,24.52
Lab-A,95,10,2,0,31,31.47,68.65,23.41
Lab-A,95,13,3,0,12,31.43,64.45,22.99
Lab-A,95,17,3,0,13,34.37,68.09,21.0
Lab-A,95,14,0,0,8,31.64,31.02,21.04
Lab-A,95,10,6,1,26,31.23,69.05,17.79
Lab-A,95,16,2,0,25,28.88,48.0,21.08
Lab-A,95,15,4,0,54,26.95,38.66,21.86
Lab-A,95,12,2,0,46,21.77,60.12,14.86
Lab-A,95,9,0,0,55,23.14,34.35,14.79
Lab-A,95,15,6,1,25,22.44,38.17,10.4
Lab-A,95,11,0,0,31,23.41,31.99,13.62
Lab-A,95,9,6,1,20,27.42,34.87,10.22
Lab-A,95,16,0,0,22,32.0,68.58,22.76
Lab-A,95,9,6,1,38,35.2,33.16,15.68
Lab-A,95,20,6,1,23,28.4,34.27,7.84
Lab-A,95,17,4,0,28,21.81,41.14,13.88
Lab-A,95,15,0,0,50,28.93,62.35,24.94
Lab-A,95,19,2,0,49,31.92,63.98,23.29
Lab-A,95,13,4,0,55,21.05,69.43,17.5
Lab-A,95,13,1,0,16,22.05,48.2,14.24
Lab-A,95,19,1,0,20,31.07,67.46,19.29
Lab-A,95,14,3,0,43,23.16,37.1,15.84
Lab-A,95,11,0,0,52,32.22,52.78,29.45
Lab-A,95,13,3,0,27,26.39,35.8,17.15
Lab-A,95,14,1,0,55,27.19,71.94,24.79
Lab-A,95,12,3,0,55,23.3,31.32,20.52
Lab-A,95,10,1,0,53,24.47,56.76,23.23
Lab-A,95,20,2,0,34,22.18,73.5,14.51
Lab-A,95,14,5,1,45,26.97,36.73,16.76
Lab-A,95,16,2,0,35,24.82,64.96,23.14
Lab-A,95,8,0,0,45,32.49,39.33,19.29
Lab-A,95,14,3,0,22,19.04,73.71,13.2
Lab-A,95,16,6,1,11,26.79,35.68,11.2
Lab-A,95,18,4,0,32,34.67,44.04,17.05
Lab-A,95,13,5,1,31,30.22,56.39,17.77
Lab-A,95,15,6,1,34,22.01,59.84,13.71
Lab-A,95,12,4,0,10,26.64,69.27,16.31
Lab-A,95,17,4,0,16,35.11,46.12,24.56
Lab-A,95,11,2,0,28,28.55,61.67,20.65
Lab-A,95,17,6,1,24,30.0,45.06,14.72
Lab-A,95,13,3,0,30,21.14,34.04,15.04
Lab-A,95,9,4,0,44,19.34,44.37,14.61
Lab-A,95,16,1,0,46,33.63,40.85,23.54
Lab-A,95,10,0,0,51,21.36,42.47,18.32
Lab-A,95,11,6,1,53,22.44,53.85,11.44
Lab-A,95,17,6,1,37,23.34,57.52,15.88
Lab-A,95,15,5,1,56,25.79,60.16,18.6
Lab-A,95,15,2,0,43,29.37,49.53,23.96
Lab-A,95,19,5,1,50,24.48,53.96,13.77
Lab-A,95,13,4,0,48,23.15,70.16,21.22
Lab-A,95,12,2,0,50,35.63,62.78,28.4
Lab-A,95,11,5,1,13,26.76,40.57,12.45
Lab-A,95,14,4,0,22,23.38,55.78,15.28
Lab-A,95,11,1,0,40,33.63,37.38,24.14
Lab-A,95,18,0,0,24,32.56,66.92,17.82
Lab-A,95,17,5,1,38,25.63,73.94,14.54
Lab-A,95,9,6,1,15,26.19,57.27,9.06
Lab-A,95,11,6,1,39,21.35,64.79,13.63
Lab-A,95,8,3,0,52,30.28,34.92,15.68
Lab-A,95,15,1,0,15,28.39,52.03,19.17
Lab-A,95,13,5,1,40,35.86,73.97,21.86
Lab-A,95,9,0,0,42,35.6,44.01,22.65
Lab-A,95,17,1,0,29,19.87,59.58,12.44
Lab-A,95,12,5,1,42,32.96,48.33,20.89
Lab-A,95,18,1,0,45,32.62,51.62,19.3
Lab-A,95,11,1,0,36,20.63,36.76,15.2
Lab-A,95,19,1,0,11,19.9,30.02,6.34
Lab-A,95,19,5,1,12,30.09,66.22,11.67
Lab-A,95,8,0,0,15,33.63,66.22,16.96
Lab-A,95,13,5,1,10,25.71,62.46,12.44
Lab-A,95,9,2,0,45,27.57,63.01,20.64
Lab-A,95,12,2,0,28,22.54,63.07,17.58
Lab-A,95,10,5,1,12,22.0,37.72,11.18
Lab-A,95,8,2,0,42,21.33,58.76,14.83
Lab-A,95,20,6,1,27,33.88,72.93,10.7
Lab-A,95,13,1,0,38,30.15,42.72,19.15
Lab-A,95,10,0,0,36,28.37,66.46,25.06
Lab-A,95,14,0,0,34,29.23,51.39,20.95
Lab-A,95,8,2,0,28,31.88,66.37,16.67
Lab-A,95,10,2,0,45,27.87,43.85,22.95
Lab-A,95,11,4,0,41,20.12,30.05,12.06
Lab-A,95,15,6,1,46,21.92,69.17,17.63
Lab-A,95,16,5,1,31,34.9,32.62,21.83
Lab-A,95,14,4,0,31,30.55,39.42,18.97
Lab-A,95,10,2,0,18,26.19,37.75,15.57
Lab-A,95,16,6,1,17,25.13,32.43,15.47
Lab-A,95,12,2,0,21,29.38,39.04,18.18
Lab-A,95,8,6,1,42,20.83,35.07,5.43
Lab-A,95,9,2,0,14,33.49,63.19,19.41
Lab-A,95,16,3,0,15,19.75,47.66,12.76
Lab-A,95,20,3,0,55,28.81,65.47,18.54
Lab-A,95,18,6,1,24,27.39,72.72,12.22
Lab-A,95,14,5,1,27,28.94,35.63,15.81
Lab-A,95,10,1,0,57,33.72,55.93,31.1
Lab-A,95,9,4,0,28,26.34,57.86,13.85
Lab-A,95,18,6,1,44,24.6,49.85,14.58
Lab-A,95,13,2,0,31,30.2,54.39,20.44
Lab-A,95,20,2,0,11,20.61,37.31,10.24
Lab-A,95,12,6,1,27,22.65,54.76,12.21
Lab-A,95,14,1,0,34,34.77,56.29,26.4
Lab-A,95,18,6,1,10,35.07,47.27,13.72
Lab-A,95,19,4,0,56,19.66,59.94,15.04
Lab-A,95,8,0,0,9,31.64,67.49,12.08
Lab-A,95,10,3,0,30,32.37,44.55,22.27
Lab-A,95,8,6,1,26,28.61,41.9,10.78
Lab-A,95,13,5,1,15,28.12,72.48,11.9
Lab-A,95,14,5,1,50,22.19,56.15,14.95
Lab-A,95,15,2,0,13,32.79,51.2,19.99
Lab-A,95,9,4,0,57,29.32,48.7,14.21
Lab-A,95,9,2,0,14,32.51,66.86,17.47
Lab-A,95,9,4,0,23,33.86,31.05,17.45
Lab-A,95,14,3,0,29,21.78,59.41,15.69
Lab-A,95,16,5,1,38,19.68,50.32,12.3
Lab-A,95,20,1,0,30,22.2,45.14,10.02
Lab-A,95,9,3,0,55,25.88,65.59,21.29
Lab-A,95,11,0,0,37,33.81,57.91,23.79
Lab-A,95,16,0,0,29,19.61,53.52,11.99
Lab-A,95,14,6,1,41,31.0,43.28,17.74
Lab-A,95,8,2,0,10,34.91,66.85,18.21
Lab-A,95,8,5,1,54,28.09,70.29,14.32
Lab-A,95,10,4,0,27,26.57,32.78,13.95
Lab-A,95,11,2,0,47,23.86,72.43,23.13
Lab-A,95,10,4,0,51,31.03,66.52,27.45
Lab-A,95,16,5,1,26,21.16,65.01,12.88
Lab-A,95,20,2,0,35,34.28,72.76,22.7
Lab-A,95,17,3,0,30,25.57,45.91,17.83
Lab-A,95,13,0,0,12,20.32,64.31,10.79
Lab-A,95,10,6,1,49,19.6,36.93,9.0
Lab-A,95,15,1,0,56,22.72,52.69,21.09
Lab-A,95,19,6,1,10,19.83,36.76,5.27
Lab-A,95,11,1,0,17,28.67,70.15,20.55
Lab-A,95,16,4,0,47,32.61,57.18,23.03
Lab-A,95,10,4,0,55,24.91,33.99,24.26
Lab-A,95,13,3,0,39,25.43,63.91,19.7
Lab-A,95,20,2,0,17,24.45,58.74,10.67
Lab-A,95,10,3,0,48,31.27,37.43,23.34
Lab-A,95,10,5,1,17,20.82,51.9,10.41
Lab-A,95,8,3,0,54,35.91,51.4,24.6
Lab-A,95,13,6,1,29,20.14,56.09,13.83
Lab-A,95,17,4,0,38,35.68,50.64,25.66
Lab-A,95,8,1,0,31,20.03,66.18,11.74
Lab-A,95,17,5,1,53,29.84,67.67,20.1
Lab-A,95,13,2,0,25,30.26,59.56,19.73
Lab-A,95,17,2,0,37,32.81,52.25,21.85
Lab-A,95,13,3,0,30,22.66,62.79,16.91
Lab-A,95,13,1,0,26,31.7,69.37,22.52
Lab-A,95,16,3,0,13,35.25,36.79,24.31
Lab-A,95,13,2,0,24,34.01,63.46,25.13
Lab-A,95,14,5,1,16,25.08,51.05,12.73
Lab-A,95,13,1,0,20,21.16,54.21,11.68
Lab-A,95,12,1,0,11,27.18,64.42,15.0
Lab-A,95,9,5,1,18,32.95,40.59,15.01
Lab-A,95,13,1,0,16,26.95,47.25,12.79
Lab-A,95,19,5,1,16,23.64,35.76,9.28
Lab-A,95,12,4,0,23,25.28,40.38,16.43
Lab-A,95,8,6,1,26,29.93,68.16,10.87
Lab-A,95,14,3,0,38,34.13,69.98,25.59
Lab-A,95,12,3,0,46,19.27,51.0,17.14
Lab-A,95,9,3,0,28,28.66,54.3,13.59
Lab-A,95,20,0,0,43,32.48,67.3,18.52
Lab-A,95,10,4,0,51,34.13,43.83,27.1
Lab-B,110,17,1,0,49,34.96,45.16,25.95
Lab-B,110,15,4,0,22,21.89,38.59,12.48
Lab-B,110,16,6,1,46,33.18,59.98,19.51
Lab-B,110,13,5,1,16,32.8,41.65,15.45
Lab-B,110,18,0,0,22,32.85,40.35,15.7
Lab-B,110,16,2,0,56,23.5,48.92,17.86
Lab-B,110,17,1,0,46,32.12,46.65,22.44
Lab-B,110,18,5,1,18,19.07,55.13,3.52
Lab-B,110,19,0,0,18,27.82,65.64,13.62
Lab-B,110,10,0,0,27,31.7,46.35,23.56
Lab-B,110,10,1,0,36,27.15,67.92,21.11
Lab-B,110,13,5,1,42,35.71,48.12,21.72
Lab-B,110,11,6,1,11,31.41,63.2,17.91
Lab-B,110,11,2,0,31,22.41,38.16,17.93
Lab-B,110,11,2,0,17,34.43,65.32,23.96
Lab-B,110,18,4,0,21,23.33,35.94,10.1
Lab-B,110,14,2,0,54,33.39,47.56,25.85
Lab-B,110,10,0,0,16,29.87,64.45,22.18
Lab-B,110,13,6,1,38,33.42,40.02,19.7
Lab-B,110,19,6,1,51,24.2,57.23,13.1
Lab-B,110,15,0,0,14,34.95,62.05,24.9
Lab-B,110,18,0,0,51,27.97,62.77,19.65
Lab-B,110,10,5,1,39,21.0,40.49,12.5
Lab-B,110,11,4,0,33,28.9,47.38,19.64
Lab-B,110,20,6,1,47,31.52,59.83,15.25
Lab-B,110,11,5,1,17,32.52,72.27,18.99
Lab-B,110,18,6,1,15,24.98,58.08,13.09
Lab-B,110,20,0,0,57,20.59,48.14,14.72
Lab-B,110,9,1,0,33,25.51,73.12,16.02
Lab-B,110,18,5,1,23,32.09,44.82,14.89
Lab-B,110,11,4,0,54,19.42,39.69,15.15
Lab-B,110,18,2,0,36,27.43,32.43,16.31
Lab-B,110,18,6,1,45,25.74,71.59,12.53
Lab-B,110,8,2,0,45,23.38,68.13,14.84
Lab-B,110,11,1,0,35,32.25,40.81,19.98
Lab-B,110,14,2,0,9,35.29,61.24,22.83
Lab-B,110,12,5,1,54,27.09,49.78,18.43
Lab-B,110,14,2,0,18,34.1,65.72,19.29
Lab-B,110,20,4,0,14,35.53,69.73,17.76
Lab-B,110,9,5,1,24,21.88,39.32,10.53
Lab-B,110,10,0,0,27,35.83,33.26,24.08
Lab-B,110,8,3,0,49,28.86,64.07,19.12
Lab-B,110,13,6,1,23,27.88,61.36,14.35
Lab-B,110,16,4,0,25,26.95,37.47,16.22
Lab-B,110,18,1,0,29,23.19,67.05,11.38
Lab-B,110,9,6,1,42,33.56,33.42,15.63
Lab-B,110,10,2,0,45,30.71,70.03,24.22
Lab-B,110,10,6,1,36,23.93,54.39,17.41
Lab-B,110,13,4,0,15,21.3,60.52,12.3
Lab-B,110,16,3,0,42,20.26,49.66,16.13
Lab-B,110,13,0,0,57,26.5,62.69,23.02
Lab-B,110,10,0,0,46,27.03,51.96,23.87
Lab-B,110,17,6,1,54,27.99,56.49,21.41
Lab-B,110,14,0,0,11,27.77,51.19,15.23
Lab-B,110,12,3,0,35,35.36,49.83,26.38
Lab-B,110,14,2,0,18,20.62,30.02,12.25
Lab-B,110,12,5,1,34,19.55,55.08,11.48
Lab-B,110,17,0,0,55,21.85,57.57,20.76
Lab-B,110,13,4,0,23,31.91,40.15,21.87
Lab-B,110,13,6,1,33,31.85,67.39,15.41
Lab-B,110,18,1,0,44,23.26,41.57,13.46
Lab-B,110,11,5,1,57,35.83,53.18,22.77
Lab-B,110,17,6,1,28,22.47,53.26,10.95
Lab-B,110,20,1,0,23,26.48,73.37,13.55
Lab-B,110,19,6,1,37,23.58,44.12,11.51
Lab-B,110,18,0,0,36,27.59,58.01,16.05
Lab-B,110,16,5,1,48,24.62,35.6,16.78
Lab-B,110,12,3,0,50,26.59,40.03,21.46
Lab-B,110,20,3,0,16,24.38,37.79,11.81
Lab-B,110,8,6,1,21,20.1,32.42,6.1
Lab-B,110,18,0,0,9,21.64,56.69,11.19
Lab-B,110,19,4,0,30,20.22,65.32,12.68
Lab-B,110,9,0,0,35,34.37,54.18,20.32
Lab-B,110,10,6,1,18,30.22,61.89,13.84
Lab-B,110,20,6,1,51,24.1,51.0,15.12
Lab-B,110,14,5,1,19,19.78,45.5,8.8
Lab-B,110,12,0,0,24,29.95,56.86,21.21
Lab-B,110,13,3,0,48,31.1,34.52,22.47
Lab-B,110,16,4,0,42,19.72,39.84,12.6
Lab-B,110,11,1,0,28,22.0,66.27,15.53
Lab-B,110,13,1,0,38,19.3,70.7,14.36
Lab-B,110,20,3,0,8,31.97,72.69,17.09
Lab-B,110,11,6,1,17,20.33,67.39,12.9
Lab-B,110,15,6,1,38,26.09,55.16,15.21
Lab-B,110,16,5,1,43,31.41,67.36,21.9
Lab-B,110,8,5,1,33,24.31,72.66,9.97
Lab-B,110,8,2,0,56,22.73,50.41,14.32
Lab-B,110,10,3,0,44,22.66,67.82,19.45
Lab-B,110,10,5,1,47,29.52,70.77,19.66
Lab-B,110,11,0,0,42,35.78,36.63,23.12
Lab-B,110,16,4,0,50,20.21,50.91,17.75
Lab-B,110,12,0,0,22,24.7,67.21,17.94
Lab-B,110,12,5,1,9,35.2,58.63,16.41
Lab-B,110,13,2,0,52,27.32,36.23,21.54
Lab-B,110,10,4,0,14,23.87,36.15,13.02
Lab-B,110,8,4,0,28,27.87,42.3,15.13
Lab-B,110,16,4,0,23,30.07,34.78,19.78
Lab-B,110,12,3,0,20,26.76,47.34,16.42
Lab-B,110,8,2,0,50,29.09,30.96,18.02
Lab-B,110,14,5,1,25,26.16,34.41,13.96
Lab-B,110,18,6,1,24,29.22,63.61,13.42
Lab-B,110,8,5,1,47,29.75,70.88,19.34
Lab-B,110,17,0,0,26,28.3,36.46,16.19
Lab-B,110,13,0,0,57,19.28,49.91,20.14
Lab-B,110,14,2,0,8,35.63,50.89,21.98
Lab-B,110,14,5,1,55,23.52,52.18,15.06
Lab-B,110,15,2,0,8,27.54,72.73,17.99
Lab-B,110,20,6,1,33,33.61,49.72,15.9
Lab-B,110,13,5,1,51,28.02,72.97,18.37
Lab-B,110,13,4,0,23,19.53,47.24,14.17
Lab-B,110,17,4,0,31,30.47,41.59,22.97
Lab-B,110,10,2,0,25,31.18,50.53,18.98
Lab-B,110,9,5,1,10,22.64,69.6,6.82
Lab-B,110,15,5,1,9,27.41,35.45,17.23
Lab-B,110,16,5,1,25,32.72,71.22,15.38
Lab-B,110,9,1,0,43,31.13,73.68,23.15
Lab-B,110,14,1,0,13,28.07,37.83,18.41
Lab-B,110,14,2,0,8,34.77,41.64,20.2
Lab-B,110,20,0,0,45,23.66,31.44,13.1
Lab-B,110,11,1,0,17,25.44,46.95,12.14
Lab-B,110,12,2,0,24,19.43,38.89,12.68
Lab-B,110,9,4,0,57,34.78,52.19,21.8
Lab-B,110,20,2,0,9,32.0,67.15,16.4
Lab-B,110,18,1,0,29,32.04,65.48,20.05
Lab-B,110,8,6,1,32,35.9,63.88,13.22
Lab-B,110,9,1,0,40,19.58,63.89,12.0
Lab-B,110,18,4,0,33,20.66,42.14,12.31
Lab-B,110,19,5,1,10,26.62,41.67,10.33
Lab-B,110,19,2,0,10,23.6,69.32,13.21
Lab-B,110,19,5,1,24,27.54,48.38,11.53
Lab-B,110,12,3,0,10,24.98,54.89,15.91
Lab-B,110,9,3,0,49,23.36,72.67,15.81
Lab-B,110,14,6,1,36,21.42,53.16,14.43
Lab-B,110,18,1,0,48,28.93,41.59,17.26
Lab-B,110,20,0,0,25,31.26,32.59,14.25
Lab-B,110,15,1,0,48,20.15,52.54,17.29
Lab-B,110,8,4,0,26,34.93,69.37,20.97
Lab-B,110,9,1,0,24,28.99,61.59,14.69
Lab-B,110,14,1,0,43,36.0,50.04,29.86
Lab-B,110,9,1,0,32,34.68,33.86,23.77
Lab-B,110,15,6,1,40,24.35,45.63,12.66
Lab-B,110,20,5,1,28,22.23,69.53,10.43
Lab-B,110,14,4,0,38,19.66,58.76,19.76
Lab-B,110,8,4,0,40,20.6,71.79,10.74
Lab-B,110,13,6,1,32,24.44,46.21,14.72
Lab-B,110,9,3,0,22,20.03,46.23,10.22
Lab-B,110,16,2,0,17,23.45,57.59,14.93
Lab-B,110,10,1,0,25,28.08,63.96,20.32
Lab-B,110,11,4,0,21,27.87,70.03,20.57
Lab-B,110,20,2,0,10,26.29,60.73,14.62
Lab-B,110,18,3,0,8,28.55,35.57,12.63
Lab-B,110,9,0,0,33,31.3,68.25,18.85
Lab-B,110,20,4,0,30,33.32,68.24,19.85
Lab-B,110,17,0,0,35,22.68,67.86,18.66
Lab-B,110,14,2,0,9,24.76,60.97,13.57
Lab-B,110,10,4,0,12,34.1,63.63,20.72
Lab-B,110,11,2,0,17,31.04,56.86,22.25
Lab-B,110,20,4,0,22,19.67,62.05,9.4
Lab-B,110,19,0,0,55,35.13,63.29,24.36
Lab-B,110,17,1,0,32,26.41,44.28,19.41
Lab-B,110,15,3,0,22,34.27,73.78,23.21
Lab-B,110,15,2,0,27,22.07,45.49,16.53
Lab-B,110,11,1,0,13,27.44,70.45,19.04
Lab-B,110,17,6,1,11,25.86,33.53,11.61
Lab-B,110,13,6,1,24,22.37,55.24,8.53
Lab-B,110,10,5,1,37,25.4,66.38,16.34
Lab-B,110,17,2,0,12,33.76,46.26,22.76
Lab-B,110,16,4,0,11,21.9,33.04,13.94
Lab-B,110,20,2,0,8,20.13,67.95,8.27
Lab-B,110,17,0,0,12,19.4,32.48,8.55
Lab-B,110,17,1,0,31,26.25,65.0,23.34
Lab-B,110,15,0,0,33,35.81,36.61,26.51
Lab-B,110,20,0,0,22,34.07,59.27,19.1
Lab-B,110,14,5,1,21,26.12,46.13,12.85
Lab-B,110,11,3,0,29,24.19,41.04,12.32
Lab-B,110,12,0,0,15,33.83,56.49,22.47
Lab-B,110,13,4,0,56,23.04,36.63,19.56
Lab-B,110,19,0,0,10,31.96,73.44,18.07
Lab-B,110,12,5,1,13,29.07,63.27,11.14
Lab-B,110,8,3,0,8,29.12,73.61,14.48
Lab-B,110,13,1,0,33,28.44,56.24,22.25
Lab-B,110,9,4,0,45,34.17,65.45,17.6
Lab-B,110,14,3,0,45,24.61,71.01,24.04
Lab-B,110,11,6,1,56,26.09,53.65,22.4
Lab-B,110,12,0,0,27,27.97,32.96,19.84
Lab-B,110,11,5,1,14,22.37,63.67,14.2
Lab-B,110,9,6,1,54,20.17,60.44,11.6
Lab-B,110,17,1,0,45,33.08,61.61,23.76
Lab-B,110,14,2,0,54,35.27,55.85,30.25
Lab-B,110,17,2,0,29,31.85,73.9,25.29
Lab-B,110,8,1,0,42,27.18,55.15,16.07
Lab-B,110,15,3,0,28,28.91,55.75,19.86
Lab-B,110,16,5,1,17,32.43,57.49,17.89
Lab-B,110,16,0,0,38,20.72,42.02,14.98
Lab-B,110,20,6,1,35,20.54,56.06,6.68
Lab-B,110,16,0,0,44,33.07,56.11,24.67
Lab-B,110,11,2,0,44,33.69,61.83,26.3
Lab-B,110,13,1,0,26,19.86,36.29,14.88
Lab-B,110,10,2,0,53,27.59,40.33,19.83
Lab-B,110,20,1,0,24,32.87,46.87,16.98
Lab-B,110,18,5,1,36,29.35,72.2,14.71
Lab-B,110,9,1,0,10,34.7,68.88,18.86
Lab-B,110,20,3,0,40,32.93,51.94,18.92
Lab-B,110,10,4,0,42,35.16,66.48,26.86
Lab-B,110,18,0,0,37,34.93,53.43,20.57
Lab-B,110,20,6,1,31,26.14,35.26,7.5
Lab-B,110,17,1,0,23,21.48,39.97,12.48
Lab-B,110,18,6,1,18,21.77,54.79,9.83
Lab-B,110,18,4,0,22,21.57,70.19,13.23
Lab-B,110,19,6,1,49,29.73,57.29,15.39
Lab-B,110,14,4,0,34,35.29,55.77,26.41
Lab-B,110,8,1,0,26,19.21,52.43,10.68
Lab-B,110,8,3,0,33,23.25,53.21,13.56
Lab-B,110,12,0,0,56,21.94,44.07,17.96
Lab-B,110,15,3,0,20,29.94,71.8,20.2
Lab-B,110,14,3,0,42,19.43,41.55,17.11
Lab-B,110,19,0,0,48,30.53,62.86,20.43
Lab-B,110,16,4,0,38,25.73,31.82,21.53
Lab-B,110,13,4,0,12,19.27,54.53,11.47
Lab-B,110,20,3,0,49,28.27,57.28,18.01
Lab-B,110,18,6,1,54,34.75,31.14,13.35
Lab-B,110,9,2,0,11,22.31,30.17,8.63
Lab-B,110,19,2,0,18,26.67,47.7,13.81
Lab-B,110,10,4,0,52,30.09,35.47,22.29
Lab-B,110,17,6,1,32,25.92,71.47,16.65
Lab-B,110,9,3,0,28,30.35,50.1,16.59
Lab-B,110,14,0,0,13,29.44,40.23,18.68
Lab-B,110,9,0,0,25,34.07,66.05,15.39
Lab-B,110,12,5,1,12,27.4,38.69,15.18
Lab-B,110,11,3,0,49,34.34,68.61,30.83
Lab-B,110,12,1,0,37,28.71,48.59,22.23
Lab-B,110,20,2,0,25,23.91,40.62,13.5
Lab-B,110,15,3,0,49,29.71,52.92,22.77
Lab-B,110,19,1,0,31,22.56,66.21,11.81
Lab-B,110,17,5,1,49,28.77,67.97,20.97
Lab-B,110,17,5,1,52,31.4,65.14,21.95
Lab-B,110,10,5,1,11,26.14,65.81,10.24
Lab-B,110,20,0,0,30,34.76,47.35,15.74
Lab-B,110,14,0,0,46,33.29,47.45,26.29
Lab-B,110,10,3,0,20,27.36,65.46,18.63
Lab-B,110,15,0,0,44,26.94,57.03,20.72
Lab-B,110,15,1,0,27,27.02,55.61,19.18
Lab-B,110,9,3,0,47,31.68,45.02,18.18
Lab-B,110,18,4,0,50,21.61,55.64,14.53
Lab-B,110,18,5,1,26,30.41,41.23,12.7
Lab-B,110,11,1,0,55,25.48,68.53,25.24
Lab-B,110,14,6,1,16,32.93,31.41,15.33
Lab-B,110,10,6,1,51,30.71,53.44,19.59
Lab-B,110,17,5,1,35,26.96,69.27,19.55
Lab-B,110,17,2,0,16,29.93,72.77,18.73
Lab-B,110,11,1,0,49,33.63,39.96,26.1
Lab-B,110,9,3,0,57,19.21,54.49,13.95
Lab-B,110,19,5,1,20,25.98,37.39,7.37
Lab-B,110,12,5,1,47,21.32,47.31,13.38
Lab-B,110,19,0,0,43,28.44,44.7,16.32
Lab-B,110,11,4,0,31,22.09,53.3,19.04
Lab-B,110,9,4,0,57,33.35,37.7,20.75
Lab-B,110,9,6,1,26,32.31,39.08,13.51
Lab-B,110,18,3,0,57,22.83,61.86,14.31
Lab-B,110,8,0,0,12,34.0,65.09,20.02
Lab-B,110,14,4,0,34,27.93,58.72,19.53
Lab-B,110,16,4,0,13,24.37,33.19,15.94
Lab-B,110,14,3,0,12,33.3,73.6,22.97
Lab-B,110,16,2,0,47,34.09,32.15,25.53
Lab-B,110,15,2,0,40,27.74,41.43,21.06
Lab-B,110,16,3,0,13,20.76,58.06,15.19
Lab-B,110,12,1,0,46,30.68,53.72,22.87
Lab-B,110,16,3,0,27,33.21,33.31,19.98
Lab-B,110,10,6,1,48,28.85,57.58,17.87
Lab-B,110,19,3,0,41,32.1,73.92,22.86
Lab-B,110,15,0,0,30,21.02,40.77,16.37
Lab-B,110,15,4,0,44,22.12,37.29,16.91
Lab-B,110,10,6,1,18,19.68,31.24,5.82
Lab-B,110,17,3,0,22,29.14,49.12,20.65
Lab-B,110,17,2,0,41,19.92,72.06,14.51
Lab-B,110,16,6,1,44,26.91,39.68,14.92
Lab-B,110,14,5,1,14,26.67,50.36,14.75
Lab-B,110,10,5,1,42,29.93,58.59,17.75
Lab-B,110,14,2,0,38,32.38,49.05,22.36
Lab-B,110,8,5,1,20,22.56,55.86,11.12
Lab-B,110,15,0,0,11,25.4,46.73,14.04
Lab-B,110,17,2,0,48,24.45,63.35,19.67
Lab-B,110,14,4,0,55,31.71,50.15,27.37
Lab-B,110,13,4,0,34,24.4,34.59,16.64
Lab-B,110,18,0,0,50,28.47,70.95,19.5
Lab-B,110,13,5,1,39,26.78,30.89,12.6
Lab-B,110,19,1,0,13,25.82,53.28,12.6
Lab-B,110,11,0,0,16,20.59,54.19,14.31
Lab-B,110,14,3,0,24,19.41,71.42,12.59
Lab-B,110,10,4,0,14,21.49,73.18,17.95
Lab-B,110,16,4,0,35,20.5,72.88,18.71
Lab-B,110,20,6,1,39,26.14,46.89,13.14
Lab-B,110,11,1,0,29,25.45,58.55,20.56
Lab-B,110,20,4,0,10,34.69,54.98,15.26
Lab-B,110,19,1,0,33,30.45,50.07,17.05
Lab-B,110,14,5,1,20,33.52,31.52,15.04
Lab-B,110,18,6,1,35,21.74,59.66,8.79
Lab-B,110,8,1,0,37,30.63,55.88,23.69
Lab-B,110,12,4,0,33,22.53,54.78,17.04
Lab-B,110,15,6,1,41,27.02,44.15,14.17
Lab-B,110,19,1,0,40,35.77,39.79,19.58
Lab-B,110,8,6,1,16,23.82,48.4,10.69
Lab-B,110,15,5,1,9,33.88,36.76,16.59
Lab-B,110,20,1,0,15,34.53,52.79,16.07
Lab-B,110,16,1,0,34,23.22,70.22,17.34
Lab-B,110,8,4,0,56,20.71,56.06,15.19
Lab-B,110,20,3,0,24,23.82,55.25,14.74
Lab-B,110,12,1,0,31,30.06,35.64,22.71
Lab-B,110,20,3,0,28,30.12,61.24,20.5
Lab-B,110,18,4,0,51,29.43,42.24,22.02
Lab-B,110,17,4,0,17,23.1,32.67,12.2
Lab-B,110,8,6,1,16,29.38,64.8,10.86
Lab-B,110,9,2,0,53,28.57,50.81,18.15
Lab-B,110,15,0,0,18,35.65,34.32,24.38
Lab-B,110,16,4,0,31,31.68,33.72,20.93
Lab-B,110,11,4,0,37,20.88,33.5,15.09
Lab-B,110,11,2,0,23,31.96,60.72,23.1
Lab-B,110,19,6,1,43,35.12,34.03,17.2
Lab-B,110,13,1,0,27,31.62,50.87,20.26
Lab-B,110,13,1,0,23,21.4,41.75,17.31
Lab-B,110,8,4,0,40,32.43,32.84,18.43
Lab-B,110,12,2,0,19,35.75,61.07,28.05
Lab-B,110,19,0,0,23,29.8,46.71,14.57
Lab-B,110,10,4,0,46,26.61,62.98,19.83
Lab-B,110,10,3,0,23,34.62,40.94,22.78
Lab-B,110,16,3,0,12,30.02,64.44,17.19
Lab-B,110,19,3,0,31,21.58,39.49,12.13
Lab-B,110,16,1,0,37,26.51,40.76,19.31
Lab-B,110,12,2,0,11,25.96,38.01,19.11
Lab-B,110,13,0,0,30,19.28,72.42,16.56
Lab-B,110,15,5,1,12,34.42,44.85,13.16
Lab-B,110,19,0,0,38,23.54,39.77,17.9
Lab-B,110,11,4,0,23,31.94,43.92,20.25
Lab-B,110,18,3,0,30,28.3,70.44,13.12
Lab-B,110,13,6,1,14,19.81,33.68,8.15
Lab-B,110,14,4,0,20,21.89,71.94,13.15
Lab-B,110,8,6,1,43,29.9,59.74,12.4
Lab-B,110,17,4,0,40,22.17,71.26,19.03
Lab-B,110,16,1,0,26,30.16,49.86,20.65
Lab-B,110,17,1,0,15,30.45,41.91,18.22
Lab-B,110,16,1,0,53,24.63,49.98,22.91
Lab-B,110,12,4,0,17,28.21,35.67,16.43
Lab-B,110,17,6,1,14,34.32,34.33,15.81
Lab-B,110,13,1,0,44,31.94,67.09,26.23
Lab-B,110,8,5,1,9,24.16,37.61,11.89
Lab-B,110,12,0,0,11,33.06,58.14,18.3
Lab-B,110,8,4,0,15,22.12,30.04,6.56
Lab-B,110,19,2,0,25,21.1,38.19,8.7
Lab-B,110,8,0,0,50,34.57,43.73,19.19
Lab-B,110,8,0,0,56,21.42,61.46,17.94
Lab-C,88,8,4,0,19,22.21,33.37,7.89
Lab-C,88,9,2,0,57,30.42,61.27,21.37
Lab-C,88,14,4,0,25,33.74,46.05,22.3
Lab-C,88,8,0,0,33,34.93,41.32,16.59
Lab-C,88,18,1,0,9,20.37,61.99,10.57
Lab-C,88,8,1,0,15,23.9,38.58,10.36
Lab-C,88,11,3,0,32,30.01,47.07,22.2
Lab-C,88,17,4,0,12,21.62,71.0,13.53
Lab-C,88,12,6,1,48,30.04,70.84,18.27
Lab-C,88,19,0,0,8,20.06,34.82,5.51
Lab-C,88,16,2,0,16,32.44,55.97,20.45
Lab-C,88,17,5,1,45,25.03,30.57,14.87
Lab-C,88,8,2,0,49,32.8,63.44,23.95
Lab-C,88,11,1,0,14,32.73,59.8,21.68
Lab-C,88,11,4,0,25,26.47,34.93,16.19
Lab-C,88,14,2,0,12,21.79,35.83,12.48
Lab-C,88,11,1,0,20,24.48,69.52,15.13
Lab-C,88,12,4,0,53,24.1,35.05,21.19
Lab-C,88,11,2,0,22,33.95,50.79,19.25
Lab-C,88,18,3,0,35,23.61,51.51,14.18
Lab-C,88,11,5,1,12,24.25,54.87,12.51
Lab-C,88,9,0,0,11,30.83,33.16,13.03
Lab-C,88,18,2,0,11,22.21,63.59,8.36
Lab-C,88,10,2,0,15,35.31,56.17,22.28
Lab-C,88,16,4,0,36,32.94,51.27,23.32
Lab-C,88,17,0,0,24,20.79,59.24,14.97
Lab-C,88,8,1,0,13,22.24,58.1,10.35
Lab-C,88,9,0,0,29,20.53,49.07,11.83
Lab-C,88,16,5,1,44,27.36,51.43,19.15
Lab-C,88,15,2,0,45,27.45,51.09,21.87
Lab-C,88,9,6,1,31,23.35,73.97,8.6
Lab-C,88,12,2,0,10,20.05,31.12,12.4
Lab-C,88,12,0,0,13,34.93,54.03,23.91
Lab-C,88,20,3,0,22,20.09,62.45,12.58
Lab-C,88,9,0,0,47,19.21,49.1,13.01
Lab-C,88,12,0,0,48,29.27,67.26,24.49
Lab-C,88,9,5,1,52,22.79,71.54,11.89
Lab-C,88,14,4,0,9,23.13,46.13,11.04
Lab-C,88,12,3,0,36,23.97,52.91,20.64
Lab-C,88,19,5,1,49,21.68,34.55,10.3
Lab-C,88,13,4,0,49,29.02,64.05,23.61
Lab-C,88,18,6,1,9,20.97,31.7,7.98
Lab-C,88,10,3,0,22,28.53,51.15,20.06
Lab-C,88,12,1,0,41,24.41,45.23,20.13
Lab-C,88,19,4,0,14,24.62,60.54,11.61
Lab-C,88,12,2,0,14,26.5,69.28,16.14
Lab-C,88,19,5,1,8,27.62,48.67,9.92
Lab-C,88,10,4,0,53,26.73,71.99,25.2
Lab-C,88,9,6,1,32,28.47,38.92,10.04
Lab-C,88,19,6,1,35,35.06,49.33,15.03
Lab-C,88,19,0,0,27,35.56,31.25,16.84
Lab-C,88,17,6,1,54,20.27,34.85,12.53
Lab-C,88,14,4,0,50,33.19,53.03,27.33
Lab-C,88,8,0,0,51,32.81,52.7,20.5
Lab-C,88,19,3,0,44,30.2,35.89,16.87
Lab-C,88,9,3,0,10,24.09,40.21,7.3
Lab-C,88,8,5,1,43,33.45,67.87,13.48
Lab-C,88,8,1,0,40,25.84,36.78,15.55
Lab-C,88,16,0,0,51,34.71,66.15,26.88
Lab-C,88,19,1,0,35,35.74,40.91,21.84
Lab-C,88,9,3,0,57,24.48,30.31,11.47
Lab-C,88,12,2,0,21,22.19,31.78,10.58
Lab-C,88,9,6,1,15,30.54,63.29,11.64
Lab-C,88,12,6,1,49,30.76,54.61,19.17
Lab-C,88,8,0,0,15,32.3,71.25,16.33
Lab-C,88,20,0,0,9,32.46,49.85,13.94
Lab-C,88,12,0,0,27,31.77,64.89,19.77
Lab-C,88,11,2,0,23,24.28,72.54,15.79
Lab-C,88,14,3,0,47,25.96,54.32,20.41
Lab-C,88,15,5,1,49,34.45,71.01,23.49
Lab-C,88,11,3,0,25,33.25,54.77,23.92
Lab-C,88,17,1,0,45,30.5,62.83,25.16
Lab-C,88,16,3,0,22,19.04,67.66,9.48
Lab-C,88,15,2,0,14,32.88,61.55,21.26
Lab-C,88,12,2,0,28,26.04,55.1,18.11
Lab-C,88,19,4,0,40,31.21,54.95,23.46
Lab-C,88,13,5,1,38,23.73,72.2,16.35
Lab-C,88,16,0,0,57,35.51,70.43,30.26
Lab-C,88,19,4,0,50,28.24,63.68,17.89
Lab-C,88,10,4,0,51,20.86,46.76,17.58
Lab-C,88,20,3,0,41,21.61,66.86,15.64
Lab-C,88,9,3,0,10,19.28,50.83,9.4
Lab-C,88,16,4,0,22,22.88,56.06,15.48
Lab-C,88,18,1,0,23,34.11,53.94,18.09
Lab-C,88,13,1,0,14,27.01,51.12,20.11
Lab-C,88,12,1,0,13,33.48,68.0,23.5
Lab-C,88,11,2,0,15,23.97,65.16,12.97
Lab-C,88,14,3,0,54,29.59,52.63,26.41
Lab-C,88,15,3,0,11,22.14,72.83,16.28
Lab-C,88,19,5,1,51,27.21,66.84,14.64
Lab-C,88,10,5,1,57,24.22,49.61,15.82
Lab-C,88,9,4,0,27,32.94,41.29,18.93
Lab-C,88,10,0,0,10,32.46,47.67,21.75
Lab-C,88,17,2,0,53,32.61,47.18,28.93
Lab-C,88,17,5,1,27,32.67,44.44,18.03
Lab-C,88,11,3,0,12,19.75,73.9,13.13
Lab-C,88,11,3,0,42,21.21,52.05,17.86
Lab-C,88,11,3,0,54,19.07,36.3,13.15
Lab-C,88,15,1,0,20,30.15,44.41,16.3
Lab-C,88,10,0,0,52,29.24,60.56,26.67
Lab-C,88,12,1,0,50,35.39,57.36,27.49
Lab-C,88,12,5,1,30,33.2,59.41,19.13
Lab-C,88,18,6,1,18,29.93,38.35,14.04
Lab-C,88,16,5,1,56,29.18,48.29,17.51
Lab-C,88,11,0,0,36,22.68,65.4,17.18
Lab-C,88,18,4,0,21,19.51,65.9,8.83
Lab-C,88,13,0,0,41,24.95,47.13,21.3
Lab-C,88,17,3,0,50,24.05,39.25,19.94
Lab-C,88,15,1,0,46,20.41,36.98,15.64
Lab-C,88,12,3,0,10,22.62,69.97,14.26
Lab-C,88,11,4,0,27,26.14,39.29,17.16
Lab-C,88,11,6,1,26,28.79,45.84,13.11
Lab-C,88,17,2,0,9,32.44,68.65,22.95
Lab-C,88,12,6,1,36,23.73,32.35,17.21
Lab-C,88,8,1,0,57,27.28,38.12,19.19
Lab-C,88,13,4,0,25,35.19,57.07,24.26
Lab-C,88,16,0,0,19,20.57,53.87,12.78
Lab-C,88,15,6,1,29,24.09,32.08,11.24
Lab-C,88,8,3,0,45,23.15,55.26,16.76
Lab-C,88,19,3,0,11,21.6,44.58,9.8
Lab-C,88,18,3,0,52,33.75,63.37,25.26
Lab-C,88,17,4,0,45,33.49,66.62,27.73
Lab-C,88,13,5,1,48,27.08,58.08,16.93
Lab-C,88,20,4,0,50,26.33,66.07,17.91
Lab-C,88,19,6,1,38,31.06,63.3,13.29
Lab-C,88,11,1,0,53,28.75,55.48,23.1
Lab-C,88,17,6,1,19,31.32,65.01,17.98
Lab-C,88,11,4,0,18,22.21,67.69,14.3
Lab-C,88,8,0,0,13,23.25,68.56,12.26
Lab-C,88,17,4,0,18,20.44,52.51,9.68
Lab-C,88,10,5,1,39,24.84,41.51,15.01
Lab-C,88,14,0,0,54,21.81,73.48,17.81
Lab-C,88,13,0,0,23,19.99,64.76,13.89
Lab-C,88,11,1,0,24,30.25,57.75,19.79
Lab-C,88,12,6,1,28,32.9,64.87,23.1
Lab-C,88,16,3,0,43,20.33,63.35,13.44
Lab-C,88,16,0,0,32,34.86,39.95,23.59
Lab-C,88,18,4,0,54,35.32,35.63,19.74
Lab-C,88,16,4,0,8,24.52,31.02,12.16
Lab-C,88,10,0,0,36,30.1,58.55,23.21
Lab-C,88,16,2,0,8,19.26,39.09,7.79
Lab-C,88,11,3,0,16,19.34,36.93,10.98
Lab-C,88,18,4,0,38,32.57,54.98,18.72
Lab-C,88,20,6,1,36,20.05,48.96,9.54
Lab-C,88,20,2,0,11,30.66,67.0,14.58
Lab-C,88,11,2,0,39,28.15,31.37,22.52
Lab-C,88,12,3,0,22,24.57,71.17,14.11
Lab-C,88,11,4,0,31,29.56,48.2,17.57
Lab-C,88,11,2,0,11,30.66,31.76,16.12
Lab-C,88,13,3,0,22,30.6,58.28,19.67
Lab-C,88,8,4,0,10,27.64,62.22,13.97
Lab-C,88,20,3,0,19,23.82,48.66,12.11
Lab-C,88,20,2,0,50,29.27,39.68,18.58
Lab-C,88,13,1,0,29,31.01,33.58,17.93
Lab-C,88,18,0,0,52,24.84,71.77,15.56
Lab-C,88,16,1,0,36,23.38,57.28,18.27
Lab-C,88,9,2,0,50,20.9,35.27,10.81
Lab-C,88,10,4,0,28,19.03,71.93,13.4
Lab-C,88,18,2,0,25,34.55,61.37,16.09
Lab-C,88,17,1,0,56,19.67,73.42,17.18
Lab-C,88,18,6,1,29,21.42,59.19,8.96
Lab-C,88,11,4,0,34,34.72,57.28,23.69
Lab-C,88,8,2,0,51,22.27,36.31,13.37
Lab-C,88,9,5,1,43,28.02,46.47,12.21
Lab-C,88,9,5,1,30,28.3,66.07,12.11
Lab-C,88,19,0,0,31,33.71,47.0,17.92
Lab-C,88,10,2,0,28,28.26,59.06,20.32
Lab-C,88,14,3,0,18,33.74,45.22,20.99
Lab-C,88,8,1,0,23,28.12,66.46,15.02
Lab-C,88,15,0,0,53,28.03,55.79,23.17
Lab-C,88,17,0,0,38,23.48,45.08,17.03
Lab-C,88,14,2,0,32,20.58,33.21,14.59
Lab-C,88,18,1,0,24,22.02,68.8,8.81
Lab-C,88,15,5,1,12,33.89,42.99,16.63
Lab-C,88,12,6,1,39,31.15,33.03,14.06
Lab-C,88,20,1,0,57,35.1,34.66,22.1
Lab-C,88,12,2,0,34,30.81,42.05,19.32
Lab-C,88,9,2,0,12,27.47,36.96,10.12
Lab-C,88,8,1,0,39,21.46,52.96,15.41
Lab-C,88,20,4,0,11,22.44,32.41,9.16
Lab-C,88,16,3,0,56,20.48,49.4,15.94
Lab-C,88,16,1,0,19,25.33,33.16,15.98
Lab-C,88,9,3,0,11,35.94,73.1,19.0
Lab-C,88,20,5,1,12,24.5,40.46,7.95
Lab-C,88,16,0,0,50,24.77,37.94,17.6
Lab-C,88,13,1,0,25,33.48,40.6,21.05
Lab-C,88,15,1,0,11,21.59,37.11,10.12
Lab-C,88,14,2,0,21,21.93,70.91,14.61
Lab-C,88,13,3,0,20,23.26,49.92,16.05
Lab-C,88,15,2,0,44,22.77,38.51,15.3
Lab-C,88,13,6,1,44,35.1,58.69,21.53
Lab-C,88,18,4,0,32,34.39,52.48,21.72
Lab-C,88,18,4,0,18,21.11,47.28,11.17
Lab-C,88,15,5,1,50,25.44,66.15,13.44
Lab-C,88,14,5,1,42,34.72,51.14,20.22
Lab-C,88,9,4,0,20,23.51,46.14,7.79
Lab-C,88,13,6,1,17,28.3,49.74,16.17
Lab-C,88,16,2,0,50,23.98,71.95,20.64
Lab-C,88,13,5,1,32,30.96,37.11,14.55
Lab-C,88,20,1,0,13,32.42,42.38,18.29
Lab-C,88,18,6,1,52,25.68,58.47,14.62
Lab-C,88,10,6,1,16,19.49,47.89,8.17
Lab-C,88,13,4,0,10,26.66,46.26,16.03
Lab-C,88,10,2,0,44,24.26,53.77,17.35
Lab-C,88,11,3,0,9,20.25,37.84,11.91
Lab-C,88,16,5,1,46,33.21,38.2,19.81
Lab-C,88,10,2,0,18,29.57,60.22,18.81
Lab-C,88,15,3,0,22,30.2,54.63,22.15
Lab-C,88,12,6,1,41,31.1,62.03,19.1
Lab-C,88,9,3,0,33,24.47,66.42,13.89
Lab-C,88,15,3,0,24,23.55,55.94,13.04
Lab-C,88,17,6,1,23,27.22,71.85,16.17
Lab-C,88,15,6,1,28,35.94,36.71,19.68
Lab-C,88,13,5,1,31,32.57,69.98,22.76
Lab-C,88,18,4,0,10,27.68,52.41,12.51
Lab-C,88,13,0,0,33,33.55,61.21,24.2
Lab-C,88,16,2,0,8,19.57,46.85,11.64
Lab-C,88,14,2,0,20,19.53,60.38,13.72
Lab-C,88,9,2,0,57,28.14,49.27,19.75
Lab-C,88,11,5,1,37,19.11,69.94,14.1
Lab-C,88,16,3,0,19,27.9,42.33,15.74
Lab-C,88,10,2,0,27,29.86,40.95,19.32
Lab-C,88,20,2,0,27,26.81,72.33,13.84
Lab-C,88,14,2,0,57,24.02,64.72,20.79
Lab-C,88,12,4,0,35,30.12,69.55,24.76
Lab-C,88,20,5,1,14,30.89,51.31,10.9
Lab-C,88,20,5,1,40,21.28,33.06,7.18
Lab-C,88,9,1,0,12,31.3,54.3,16.56
Lab-C,88,19,1,0,57,21.0,68.92,14.15
Lab-C,88,14,6,1,13,22.49,65.47,6.6
Lab-C,88,9,4,0,9,31.77,38.36,15.2
Lab-C,88,17,3,0,30,22.44,60.77,15.16
Lab-C,88,8,3,0,21,28.65,38.16,12.75
Lab-C,88,9,2,0,11,35.59,60.12,18.94
Lab-C,88,11,0,0,45,21.6,39.61,14.85
Lab-C,88,12,4,0,38,22.0,54.49,16.64
Lab-C,88,17,6,1,42,31.45,64.01,17.38
Lab-C,88,8,3,0,16,25.53,68.2,12.73
Lab-C,88,16,4,0,39,33.08,50.96,24.58
Lab-C,88,18,3,0,43,23.48,67.6,14.46
Lab-C,88,20,1,0,38,24.78,36.59,12.75
Lab-C,88,18,3,0,34,33.39,33.11,18.61
Lab-C,88,15,3,0,33,23.74,72.2,17.94
Lab-C,88,20,3,0,22,32.89,60.18,17.26
Lab-C,88,12,2,0,32,32.48,63.31,22.37
Lab-C,88,18,4,0,51,22.6,31.85,14.48
Lab-C,88,20,5,1,52,30.9,30.32,11.86
Lab-C,88,11,0,0,38,21.21,69.45,17.88
Lab-C,88,19,6,1,57,35.9,56.61,19.51
Lab-C,88,10,1,0,11,20.27,55.96,10.04
Lab-C,88,13,2,0,18,29.02,53.45,17.09
Lab-C,88,13,5,1,31,31.14,73.88,20.71
Lab-C,88,17,0,0,18,28.41,45.15,16.98
Lab-C,88,9,0,0,39,27.85,65.11,16.71
Lab-C,88,18,5,1,22,29.53,71.13,13.49
Lab-C,88,8,0,0,50,25.75,66.27,18.15
Lab-C,88,8,4,0,42,22.43,54.24,14.53
Lab-C,88,8,0,0,45,33.28,70.5,22.98
Lab-C,88,16,6,1,24,27.06,66.97,15.9
Lab-C,88,8,1,0,8,19.42,52.5,9.21
Lab-C,88,19,0,0,8,28.67,40.31,10.6
Lab-C,88,9,2,0,55,32.02,68.6,21.69
Lab-C,88,13,5,1,35,20.16,58.86,11.19
Lab-C,88,10,3,0,52,30.76,71.9,27.85
Lab-C,88,17,3,0,39,23.13,53.84,18.19
Lab-C,88,17,6,1,56,31.66,35.2,21.11
Lab-C,88,18,4,0,29,26.34,42.5,15.91
Lab-C,88,9,2,0,33,21.82,55.98,13.21
Lab-C,88,13,5,1,44,34.24,31.15,18.89
Lab-C,88,10,5,1,24,22.83,50.75,7.14
Lab-C,88,14,6,1,33,21.62,61.69,11.38
Lab-C,88,11,3,0,18,31.93,52.83,19.74
Lab-C,88,8,2,0,35,22.07,63.29,14.05
Lab-C,88,13,5,1,46,32.57,62.85,19.88
Lab-C,88,15,1,0,46,29.12,70.45,23.97
Lab-C,88,14,2,0,51,21.78,46.34,18.68
Lab-C,88,17,5,1,19,23.37,64.11,12.74
Lab-C,88,9,6,1,8,19.04,52.47,7.24
Lab-C,88,16,1,0,33,22.88,56.06,16.9
Lab-C,88,15,3,0,17,21.35,40.42,11.44
Lab-C,88,20,2,0,48,33.13,46.37,23.28
Lab-C,88,19,0,0,36,33.09,40.4,19.27
Lab-C,88,12,2,0,30,24.35,68.63,17.63
Lab-C,88,8,3,0,13,26.79,46.78,11.51
Lab-C,88,11,3,0,44,33.32,72.84,27.45
Lab-C,88,8,6,1,41,27.98,44.71,12.86
Lab-C,88,16,4,0,23,33.02,48.52,21.13
Lab-C,88,8,2,0,24,35.48,37.7,18.58
Lab-C,88,15,1,0,26,35.86,40.36,24.51
Lab-C,88,16,6,1,21,30.01,31.78,11.53
Lab-C,88,9,4,0,26,23.04,66.45,8.89
Lab-C,88,14,3,0,30,29.81,64.78,19.26
Lab-C,88,13,6,1,38,32.19,34.93,18.99
Lab-C,88,11,5,1,34,27.92,67.42,13.57
Lab-C,88,17,0,0,8,25.08,51.07,12.48
Lab-C,88,11,1,0,50,32.1,30.83,23.29
Lab-C,88,18,4,0,47,21.22,47.49,12.19
Lab-C,88,13,6,1,17,31.86,44.14,14.51
Lab-C,88,18,3,0,50,21.07,35.03,12.84
Lab-C,88,19,4,0,29,24.08,63.58,12.07
Lab-C,88,17,0,0,35,32.15,67.42,26.27
Lab-C,88,13,0,0,35,31.31,59.98,21.33
Lab-C,88,20,3,0,41,24.39,58.77,12.3
Lab-C,88,18,3,0,33,20.53,59.31,12.65
Lab-C,88,9,2,0,54,19.5,73.54,12.09
Lab-C,88,8,1,0,25,23.67,73.12,13.35
Lab-C,88,9,5,1,31,20.2,60.06,9.09
Lab-C,88,11,3,0,41,23.26,62.83,18.18
Lab-C,88,14,5,1,27,30.96,73.57,16.5
Lab-C,88,8,0,0,21,32.83,37.06,16.83
Lab-C,88,20,5,1,18,28.41,55.34,12.14
Lab-C,88,8,0,0,51,21.77,46.02,12.65
Lab-C,88,18,1,0,23,20.34,51.53,9.07
Lab-C,88,18,4,0,41,32.44,67.39,21.17
Lab-C,88,16,4,0,35,27.6,70.16,21.61
Lab-C,88,17,1,0,52,23.0,51.86,17.53
Lab-C,88,8,1,0,28,35.63,49.12,17.77
Lab-C,88,10,6,1,24,25.76,57.42,12.78
Lab-C,88,16,6,1,26,30.9,44.16,17.97
Lab-C,88,16,6,1,18,20.81,72.82,13.88
Lab-C,88,13,2,0,11,26.94,44.22,14.99
Lab-C,88,16,4,0,14,28.34,49.65,17.39
Lab-C,88,11,1,0,40,29.86,69.58,20.36
Lab-C,88,20,4,0,39,33.44,44.56,19.55
Lab-C,88,10,1,0,26,26.6,44.34,17.08
Lab-C,88,11,4,0,40,19.9,44.98,16.65
Lab-C,88,10,1,0,56,22.41,30.04,18.9
Lab-C,88,10,3,0,9,23.64,73.77,15.97
Lab-C,88,10,1,0,45,26.88,67.15,23.05
Lab-C,88,12,3,0,14,21.12,48.34,14.36
Lab-C,88,13,6,1,13,28.76,36.85,11.71
Lab-C,88,9,5,1,53,26.73,33.66,13.51
Lab-C,88,9,2,0,40,24.79,68.5,15.02
Lab-C,88,18,4,0,15,24.21,31.54,10.05
Lab-C,88,8,4,0,41,20.89,35.82,13.11
Lab-C,88,9,5,1,51,35.05,32.05,15.97
Lab-C,88,12,5,1,46,24.91,42.56,15.84
Lab-C,88,20,2,0,50,31.39,50.75,15.09
Lab-C,88,13,5,1,47,25.8,59.42,16.76
Lab-C,88,19,1,0,31,27.92,64.13,16.91
Lab-C,88,20,3,0,46,25.35,35.89,16.51
Lab-C,88,12,5,1,12,26.27,37.36,12.87
Lab-C,88,11,4,0,29,28.64,38.53,22.41
Lab-C,88,19,2,0,37,27.61,36.54,16.18
Lab-C,88,10,3,0,45,29.41,33.09,19.58
Lab-C,88,11,4,0,48,23.41,56.63,18.64
Lab-C,88,10,2,0,28,24.84,40.41,14.53
Lab-C,88,19,2,0,45,30.59,32.18,17.45
Lab-C,88,11,4,0,37,22.84,64.28,16.85
Lab-C,88,10,3,0,11,19.62,49.5,7.53
Lab-D,130,13,6,1,53,22.34,53.31,13.65
Lab-D,130,9,1,0,32,34.71,53.98,19.01
Lab-D,130,16,6,1,28,34.85,52.07,19.5
Lab-D,130,8,3,0,54,27.62,49.29,18.93
Lab-D,130,14,4,0,12,22.64,61.21,13.9
Lab-D,130,15,1,0,27,19.07,49.65,13.89
Lab-D,130,18,0,0,32,20.39,42.13,12.73
Lab-D,130,13,3,0,23,35.96,70.32,28.56
Lab-D,130,13,6,1,55,24.42,62.98,17.47
Lab-D,130,19,0,0,42,27.35,30.74,16.62
Lab-D,130,20,6,1,33,22.08,38.25,7.85
Lab-D,130,12,4,0,50,31.89,49.22,25.03
Lab-D,130,13,0,0,23,32.85,62.11,23.18
Lab-D,130,14,5,1,37,26.42,55.48,16.71
Lab-D,130,10,4,0,51,34.99,48.83,28.26
Lab-D,130,14,1,0,19,27.51,53.79,17.8
Lab-D,130,12,5,1,30,30.3,60.98,18.55
Lab-D,130,11,2,0,28,22.04,48.22,16.66
Lab-D,130,18,6,1,17,24.09,60.02,12.98
Lab-D,130,15,1,0,24,33.05,33.24,22.28
Lab-D,130,18,0,0,49,33.94,48.7,21.88
Lab-D,130,10,4,0,29,25.71,43.26,18.87
Lab-D,130,9,4,0,29,32.18,38.87,13.58
Lab-D,130,9,0,0,48,21.13,33.82,15.22
Lab-D,130,14,3,0,42,19.4,42.26,15.61
Lab-D,130,16,0,0,52,23.61,64.11,22.99
Lab-D,130,19,0,0,37,23.04,49.47,14.57
Lab-D,130,11,2,0,29,23.16,60.62,16.51
Lab-D,130,17,3,0,22,22.77,59.94,16.55
Lab-D,130,15,6,1,26,21.55,56.26,14.49
Lab-D,130,12,2,0,43,33.37,34.8,28.09
Lab-D,130,19,5,1,27,36.0,39.9,14.64
Lab-D,130,14,3,0,34,30.76,51.16,20.71
Lab-D,130,11,6,1,33,34.11,64.87,22.62
Lab-D,130,16,2,0,52,33.93,61.25,26.26
Lab-D,130,10,2,0,51,21.07,60.03,16.35
Lab-D,130,18,0,0,18,25.59,71.41,12.74
Lab-D,130,14,0,0,48,31.73,59.39,25.57
Lab-D,130,9,2,0,57,21.74,42.13,15.39
Lab-D,130,13,4,0,31,24.8,39.51,21.28
Lab-D,130,12,5,1,26,31.88,57.71,17.31
Lab-D,130,11,1,0,20,29.73,36.76,15.06
Lab-D,130,19,5,1,57,22.19,67.77,12.39
Lab-D,130,16,1,0,37,35.72,53.39,28.47
Lab-D,130,8,4,0,31,30.15,60.41,14.41
Lab-D,130,18,1,0,45,23.04,73.15,14.78
Lab-D,130,20,1,0,29,23.13,45.88,15.2
Lab-D,130,19,1,0,15,21.7,51.4,8.1
Lab-D,130,10,1,0,25,25.3,44.0,18.57
Lab-D,130,8,4,0,39,29.65,33.12,16.78
Lab-D,130,16,6,1,53,26.0,50.46,15.02
Lab-D,130,15,5,1,48,34.54,70.07,19.8
Lab-D,130,16,2,0,47,24.22,44.64,20.22
Lab-D,130,10,3,0,17,34.63,34.54,22.29
Lab-D,130,12,5,1,21,25.04,56.2,11.75
Lab-D,130,17,6,1,16,27.01,45.54,14.51
Lab-D,130,12,1,0,34,32.04,37.33,22.57
Lab-D,130,16,4,0,29,32.16,58.63,26.61
Lab-D,130,18,2,0,18,28.04,38.99,12.08
Lab-D,130,11,5,1,17,23.95,52.29,13.47
Lab-D,130,14,4,0,55,34.63,66.96,30.06
Lab-D,130,13,3,0,39,29.8,56.8,25.73
Lab-D,130,13,2,0,44,19.43,30.33,13.98
Lab-D,130,15,0,0,10,27.92,57.06,19.97
Lab-D,130,12,6,1,46,34.04,63.57,23.6
Lab-D,130,10,1,0,15,24.38,47.51,13.13
Lab-D,130,9,6,1,37,33.12,37.0,17.53
Lab-D,130,10,5,1,19,26.17,54.58,17.03
Lab-D,130,15,5,1,35,28.34,54.18,13.97
Lab-D,130,11,3,0,10,21.87,37.09,11.4
Lab-D,130,13,1,0,18,27.72,57.44,21.4
Lab-D,130,19,2,0,21,27.55,42.95,16.38
Lab-D,130,10,3,0,55,35.73,39.83,32.7
Lab-D,130,14,3,0,15,24.95,61.56,15.16
Lab-D,130,13,4,0,29,19.88,71.06,14.81
Lab-D,130,13,3,0,47,26.08,71.24,22.44
Lab-D,130,18,2,0,8,24.84,46.03,6.55
Lab-D,130,17,0,0,35,30.72,58.31,24.64
Lab-D,130,20,6,1,19,24.01,31.0,5.98
Lab-D,130,15,5,1,49,26.66,37.25,17.59
Lab-D,130,15,3,0,42,21.92,56.93,18.37
Lab-D,130,18,2,0,54,20.98,70.76,18.01
Lab-D,130,18,5,1,55,27.6,57.4,14.49
Lab-D,130,8,0,0,29,28.42,54.31,16.76
Lab-D,130,16,3,0,14,34.58,72.97,24.6
Lab-D,130,10,6,1,16,22.73,51.02,14.53
Lab-D,130,14,0,0,19,22.87,67.08,14.15
Lab-D,130,8,0,0,36,24.42,70.89,15.09
Lab-D,130,12,5,1,11,27.22,69.35,13.96
Lab-D,130,19,0,0,40,20.5,50.85,14.63
Lab-D,130,9,0,0,25,24.52,55.94,15.1
Lab-D,130,8,0,0,23,35.85,71.34,20.52
Lab-D,130,19,2,0,38,31.47,46.12,21.13
Lab-D,130,16,1,0,14,24.64,61.52,16.41
Lab-D,130,17,5,1,55,21.96,32.13,13.48
Lab-D,130,8,4,0,8,27.57,53.25,12.62
Lab-D,130,15,2,0,37,30.46,32.39,20.36
Lab-D,130,8,2,0,9,28.02,69.38,10.67
Lab-D,130,17,4,0,18,21.08,59.7,14.34
Lab-D,130,16,0,0,56,26.53,45.16,23.14
Lab-D,130,10,3,0,57,21.93,37.49,17.77
Lab-D,130,11,2,0,16,19.34,32.29,12.46
Lab-D,130,10,0,0,45,26.67,40.78,24.88
Lab-D,130,8,5,1,53,25.88,49.74,13.74
Lab-D,130,15,0,0,24,21.09,34.5,12.05
Lab-D,130,11,6,1,12,20.75,51.14,11.84
Lab-D,130,20,0,0,10,22.28,40.38,9.36
Lab-D,130,8,0,0,53,25.9,47.82,17.07
Lab-D,130,15,4,0,44,20.83,49.25,18.99
Lab-D,130,10,1,0,14,23.99,43.46,15.13
Lab-D,130,20,3,0,51,27.66,38.86,20.43
Lab-D,130,16,4,0,49,27.15,32.73,21.8
Lab-D,130,8,5,1,30,33.89,56.49,14.3
Lab-D,130,17,5,1,29,22.3,58.64,12.15
Lab-D,130,13,1,0,51,25.26,32.19,22.55
Lab-D,130,19,6,1,51,34.59,51.58,15.96
Lab-D,130,16,6,1,37,33.62,46.8,19.8
Lab-D,130,18,6,1,36,31.23,37.82,12.81
Lab-D,130,17,6,1,24,35.76,46.65,16.67
Lab-D,130,11,5,1,13,32.34,54.41,15.3
Lab-D,130,14,4,0,44,26.62,67.96,24.06
Lab-D,130,12,6,1,46,28.92,73.62,23.27
Lab-D,130,12,1,0,49,28.42,56.99,22.87
Lab-D,130,9,3,0,24,19.21,57.82,16.29
Lab-D,130,20,1,0,55,26.23,41.04,18.93
Lab-D,130,11,1,0,39,24.87,47.43,20.4
Lab-D,130,9,6,1,9,24.58,33.81,8.61
Lab-D,130,13,5,1,51,19.7,36.39,13.75
Lab-D,130,19,4,0,20,26.44,45.13,13.31
Lab-D,130,19,1,0,45,23.19,37.08,12.13
Lab-D,130,11,5,1,24,30.32,66.49,18.32
Lab-D,130,17,6,1,24,19.72,68.22,13.27
Lab-D,130,19,2,0,26,31.3,62.94,18.68
Lab-D,130,8,5,1,18,34.52,63.14,14.19
Lab-D,130,16,4,0,46,34.78,56.21,27.02
Lab-D,130,19,4,0,26,32.92,58.36,17.04
Lab-D,130,19,0,0,47,34.04,71.88,21.14
Lab-D,130,19,2,0,47,33.08,43.89,20.74
Lab-D,130,14,6,1,49,29.15,58.61,17.72
Lab-D,130,8,2,0,20,31.27,39.52,18.74
Lab-D,130,10,1,0,48,32.32,38.31,22.78
Lab-D,130,17,0,0,46,20.46,38.39,17.8
Lab-D,130,11,6,1,18,25.59,73.05,10.79
Lab-D,130,15,0,0,29,26.0,43.74,20.51
Lab-D,130,12,4,0,12,30.59,38.85,19.04
Lab-D,130,8,5,1,15,28.4,62.09,9.01
Lab-D,130,10,1,0,45,32.91,41.78,26.31
Lab-D,130,10,4,0,24,22.21,62.0,19.46
Lab-D,130,12,0,0,14,21.51,45.55,13.41
Lab-D,130,20,6,1,32,32.35,30.27,14.91
Lab-D,130,9,4,0,54,32.9,70.82,24.7
Lab-D,130,20,0,0,25,26.53,58.95,14.5
Lab-D,130,12,5,1,21,33.11,38.98,18.04
Lab-D,130,9,5,1,15,21.2,65.72,10.2
Lab-D,130,8,5,1,22,23.6,66.37,7.78
Lab-D,130,20,5,1,34,26.58,30.26,14.45
Lab-D,130,14,5,1,52,34.84,53.34,23.19
Lab-D,130,10,0,0,40,22.26,32.8,18.88
Lab-D,130,16,0,0,10,31.58,32.43,20.83
Lab-D,130,9,1,0,47,21.4,52.81,10.94
Lab-D,130,12,4,0,40,35.06,39.14,27.1
Lab-D,130,8,0,0,14,22.56,49.84,12.92
Lab-D,130,16,6,1,45,19.01,45.42,9.17
Lab-D,130,8,0,0,52,34.51,68.74,22.19
Lab-D,130,16,2,0,39,24.31,59.18,23.43
Lab-D,130,17,5,1,24,33.63,41.02,21.1
Lab-D,130,12,2,0,19,23.33,37.53,14.89
Lab-D,130,8,4,0,13,29.64,68.5,18.3
Lab-D,130,8,1,0,31,32.36,56.03,17.6
Lab-D,130,13,4,0,34,26.96,44.39,22.05
Lab-D,130,10,6,1,39,22.28,36.41,16.16
Lab-D,130,10,4,0,30,23.24,48.89,15.58
Lab-D,130,8,1,0,50,24.21,38.72,16.81
Lab-D,130,19,6,1,48,24.83,67.02,12.94
Lab-D,130,18,2,0,28,31.79,43.11,19.57
Lab-D,130,18,3,0,26,19.02,72.32,12.66
Lab-D,130,8,4,0,29,28.36,42.76,18.18
Lab-D,130,15,4,0,39,30.41,50.01,23.03
Lab-D,130,20,0,0,24,21.99,59.13,12.4
Lab-D,130,12,6,1,23,24.66,59.5,13.99
Lab-D,130,11,6,1,20,20.72,37.69,8.28
Lab-D,130,12,5,1,20,30.26,36.87,14.32
Lab-D,130,15,6,1,11,19.32,52.05,6.72
Lab-D,130,9,5,1,24,21.18,73.22,8.68
Lab-D,130,11,5,1,44,30.87,46.92,18.7
Lab-D,130,17,6,1,43,31.18,71.83,19.04
Lab-D,130,8,2,0,36,29.43,48.78,19.06
Lab-D,130,14,1,0,37,19.16,55.07,15.44
Lab-D,130,16,6,1,9,28.77,50.9,14.63
Lab-D,130,13,2,0,11,34.25,70.06,24.04
Lab-D,130,13,3,0,11,29.17,48.88,19.45
Lab-D,130,8,4,0,10,31.09,42.62,13.99
Lab-D,130,13,4,0,51,26.49,66.77,27.09
Lab-D,130,10,6,1,11,26.53,43.72,12.17
Lab-D,130,10,4,0,54,29.33,62.33,26.44
Lab-D,130,8,0,0,10,24.16,48.54,10.09
Lab-D,130,20,2,0,15,20.92,59.42,10.97
Lab-D,130,8,0,0,43,19.82,54.76,13.64
Lab-D,130,9,5,1,39,25.38,57.4,14.87
Lab-D,130,18,5,1,37,20.38,49.12,9.16
Lab-D,130,20,6,1,14,29.04,45.86,12.53
Lab-D,130,13,6,1,18,34.5,65.18,18.57
Lab-D,130,18,5,1,45,19.26,53.25,10.25
Lab-D,130,13,0,0,18,30.83,41.31,20.35
Lab-D,130,12,4,0,42,29.46,68.23,25.46
Lab-D,130,18,4,0,35,27.77,69.77,18.54
Lab-D,130,20,4,0,22,25.29,68.17,16.26
Lab-D,130,17,6,1,16,28.93,48.5,14.48
Lab-D,130,17,0,0,40,32.08,69.25,26.47
Lab-D,130,10,0,0,13,28.09,67.65,21.97
Lab-D,130,10,0,0,37,33.52,32.36,25.16
Lab-D,130,19,0,0,12,20.08,63.38,10.57
Lab-D,130,9,2,0,48,33.27,32.54,22.18
Lab-D,130,19,3,0,46,28.36,73.25,17.73
Lab-D,130,16,0,0,28,33.05,73.86,23.27
Lab-D,130,10,6,1,13,31.98,32.83,16.7
Lab-D,130,16,6,1,57,33.99,58.62,24.56
Lab-D,130,18,2,0,53,24.08,42.12,15.88
Lab-D,130,9,4,0,46,21.65,71.9,17.95
Lab-D,130,19,6,1,41,34.54,46.75,13.93
Lab-D,130,8,4,0,51,34.25,59.92,24.05
Lab-D,130,18,0,0,17,35.22,72.62,20.9
Lab-D,130,11,0,0,45,31.91,63.13,27.14
Lab-D,130,12,2,0,38,21.43,51.7,14.17
Lab-D,130,8,0,0,42,34.49,62.76,23.35
Lab-D,130,9,5,1,31,26.03,45.77,8.01
Lab-D,130,16,2,0,49,32.62,68.54,23.5
Lab-D,130,17,6,1,34,22.8,31.65,13.78
Lab-D,130,16,3,0,26,20.49,73.8,18.16
Lab-D,130,17,1,0,31,33.72,40.72,21.13
Lab-D,130,18,6,1,56,32.8,50.37,18.07
Lab-D,130,18,0,0,42,21.25,35.02,12.42
Lab-D,130,9,4,0,41,34.42,59.02,20.78
Lab-D,130,14,6,1,28,29.29,63.45,17.69
Lab-D,130,16,3,0,24,30.99,66.54,23.37
Lab-D,130,17,2,0,45,27.73,33.29,20.58
Lab-D,130,14,5,1,32,32.49,43.21,17.38
Lab-D,130,14,2,0,25,25.97,60.62,17.17
Lab-D,130,14,5,1,13,25.23,36.97,10.21
Lab-D,130,10,5,1,20,27.93,64.84,18.09
Lab-D,130,19,2,0,49,30.11,54.18,18.52
Lab-D,130,12,6,1,51,27.71,50.83,19.45
Lab-D,130,11,2,0,54,23.6,54.97,22.13
Lab-D,130,12,0,0,52,35.0,39.66,22.38
Lab-D,130,20,5,1,42,33.68,31.04,15.3
Lab-D,130,20,2,0,10,32.95,55.58,16.88
Lab-D,130,13,3,0,54,29.23,31.35,24.12
Lab-D,130,11,4,0,44,30.44,44.61,21.53
Lab-D,130,14,5,1,14,22.32,58.03,10.79
Lab-D,130,9,4,0,13,21.63,37.29,6.69
Lab-D,130,15,4,0,29,31.11,42.36,23.16
Lab-D,130,10,1,0,19,32.35,72.23,20.51
Lab-D,130,12,0,0,27,21.69,67.08,18.7
Lab-D,130,11,0,0,56,29.0,52.78,23.75
Lab-D,130,14,0,0,42,20.98,66.99,19.49
Lab-D,130,18,6,1,11,33.17,31.2,12.46
Lab-D,130,18,5,1,49,33.98,57.96,19.3
Lab-D,130,14,4,0,22,21.27,72.29,20.54
Lab-D,130,15,3,0,35,23.49,56.16,17.39
Lab-D,130,11,6,1,46,33.77,42.89,19.75
Lab-D,130,17,0,0,14,24.14,54.71,14.33
Lab-D,130,17,3,0,48,32.89,68.61,26.97
Lab-D,130,9,6,1,40,24.26,40.97,11.05
Lab-D,130,11,1,0,35,23.08,47.33,16.77
Lab-D,130,20,5,1,19,29.1,36.5,10.76
Lab-D,130,17,6,1,9,23.49,32.51,8.36
Lab-D,130,14,2,0,46,24.9,50.05,22.12
Lab-D,130,16,5,1,10,26.31,58.21,13.9
Lab-D,130,9,0,0,29,24.25,30.64,12.52
Lab-D,130,16,6,1,32,24.28,60.55,19.28
Lab-D,130,8,5,1,14,29.55,65.17,12.64
Lab-D,130,11,2,0,10,28.1,73.8,20.66
Lab-D,130,16,1,0,41,24.86,37.05,18.62
Lab-D,130,17,6,1,33,28.17,66.41,18.57
Lab-D,130,16,4,0,41,19.73,46.63,17.97
Lab-D,130,12,6,1,32,20.84,60.26,11.33
Lab-D,130,14,6,1,56,25.4,55.55,20.3
Lab-D,130,15,0,0,51,32.92,50.04,27.94
Lab-D,130,14,0,0,15,30.14,67.58,21.61
Lab-D,130,14,0,0,50,31.92,60.94,27.23
Lab-D,130,10,4,0,35,20.0,36.88,13.65
Lab-D,130,9,3,0,45,35.13,73.07,22.16
Lab-D,130,17,0,0,40,33.26,68.33,27.45
Lab-D,130,19,5,1,13,34.7,37.65,14.8
Lab-D,130,8,3,0,20,19.35,73.74,11.33
Lab-D,130,9,3,0,53,23.84,39.68,16.74
Lab-D,130,13,3,0,47,32.25,73.85,26.5
Lab-D,130,8,3,0,27,25.68,34.23,13.17
Lab-D,130,13,3,0,43,28.27,67.36,26.64
Lab-D,130,13,1,0,9,19.65,35.9,11.52
Lab-D,130,11,5,1,13,29.8,47.74,14.31
Lab-D,130,19,6,1,28,24.65,68.28,9.44
Lab-D,130,18,1,0,9,21.32,70.42,11.95
Lab-D,130,11,2,0,8,22.11,65.68,13.57
Lab-D,130,17,4,0,40,20.17,67.67,19.02
Lab-D,130,12,1,0,9,28.74,33.66,14.08
Lab-D,130,16,5,1,34,23.11,45.34,15.09
Lab-D,130,14,4,0,11,20.98,57.12,9.05
Lab-D,130,10,6,1,44,20.11,53.65,13.17
Lab-D,130,12,2,0,14,28.4,38.7,14.98
Lab-D,130,11,5,1,44,35.43,73.11,22.72
Lab-D,130,13,0,0,26,29.21,33.73,19.5
Lab-D,130,14,1,0,18,26.0,63.56,17.74
Lab-D,130,20,4,0,14,33.67,30.02,15.5
Lab-D,130,14,2,0,14,24.81,32.92,17.42
Lab-D,130,16,3,0,20,19.09,53.53,8.5
Lab-D,130,9,2,0,24,31.33,41.59,15.8
Lab-D,130,16,5,1,20,35.27,38.38,17.62
Lab-D,130,10,3,0,42,21.66,34.22,17.24
Lab-D,130,10,1,0,38,30.05,64.03,25.54
Lab-D,130,17,6,1,48,32.68,61.72,18.69
Lab-D,130,17,6,1,22,26.18,34.27,14.54
Lab-D,130,14,0,0,21,34.84,60.33,26.34
Lab-D,130,8,6,1,25,28.7,69.23,12.92
Lab-D,130,16,4,0,44,24.88,60.74,18.68
Lab-D,130,13,2,0,29,25.67,48.84,20.15
Lab-D,130,10,6,1,34,25.11,46.35,15.41
Lab-D,130,17,0,0,9,27.97,65.7,19.22
Lab-D,130,16,1,0,12,31.23,41.55,17.02
Lab-D,130,17,5,1,38,33.28,35.99,20.7
Lab-D,130,14,3,0,46,26.07,64.68,21.74
Lab-D,130,8,6,1,30,35.83,52.26,17.09
Lab-D,130,11,1,0,50,25.73,42.76,20.51
Lab-D,130,16,1,0,50,19.55,63.0,18.6
Lab-D,130,16,4,0,53,21.64,53.47,21.04
Lab-D,130,11,2,0,17,26.42,49.56,14.96
Lab-D,130,11,3,0,10,27.67,34.99,19.94
Lab-D,130,9,1,0,23,26.69,49.08,12.95
Lab-D,130,20,3,0,56,22.84,45.49,13.59
Lab-D,130,18,4,0,29,30.37,66.88,16.78
Lab-D,130,20,4,0,9,19.63,64.83,10.53
Lab-D,130,10,3,0,12,34.94,72.39,25.76
Lab-D,130,11,2,0,16,22.48,48.89,17.56
Lab-D,130,18,2,0,53,34.64,58.64,27.18
Lab-D,130,20,3,0,43,34.04,36.09,20.42
Lab-D,130,11,3,0,43,26.71,66.89,20.23
Lab-D,130,10,5,1,31,19.48,50.3,13.29
Lab-D,130,8,4,0,37,19.44,31.56,8.65
Lab-D,130,16,1,0,40,31.75,32.61,23.1
Lab-D,130,16,4,0,21,25.62,33.81,13.76
Lab-D,130,10,3,0,47,35.47,44.72,27.65
Lab-D,130,14,3,0,43,34.78,69.94,31.94
Lab-D,130,16,0,0,13,32.68,58.35,20.44
Lab-D,130,18,3,0,56,22.48,51.98,15.65
Lab-D,130,15,1,0,24,20.51,60.5,18.17
Lab-D,130,17,0,0,25,31.06,36.9,19.13
Lab-D,130,8,6,1,52,30.76,52.26,14.96
Lab-D,130,9,2,0,43,27.31,56.41,12.69
Lab-D,130,11,2,0,44,20.87,56.29,17.45
Lab-D,130,19,5,1,50,28.84,47.73,13.26
Lab-E,104,11,3,0,31,31.69,46.68,23.86
Lab-E,104,14,3,0,24,21.57,61.41,12.55
Lab-E,104,20,6,1,12,26.68,42.5,9.3
Lab-E,104,19,6,1,55,31.36,51.77,16.91
Lab-E,104,19,5,1,39,31.97,49.06,15.62
Lab-E,104,19,6,1,32,24.58,71.48,11.94
Lab-E,104,18,3,0,36,29.87,52.88,17.28
Lab-E,104,12,6,1,51,25.1,49.03,18.22
Lab-E,104,12,3,0,14,33.98,32.27,22.62
Lab-E,104,17,2,0,43,23.83,39.0,17.69
Lab-E,104,16,6,1,20,26.87,61.05,16.92
Lab-E,104,11,2,0,40,31.8,37.63,23.25
Lab-E,104,14,1,0,15,35.6,38.87,21.91
Lab-E,104,9,3,0,39,24.42,35.87,17.19
Lab-E,104,8,5,1,31,21.64,54.5,7.83
Lab-E,104,18,6,1,16,22.53,30.11,6.86
Lab-E,104,9,1,0,13,35.36,39.19,16.08
Lab-E,104,17,0,0,18,19.31,63.38,14.1
Lab-E,104,14,6,1,34,21.68,49.79,10.44
Lab-E,104,14,0,0,51,30.75,45.01,23.6
Lab-E,104,17,4,0,28,20.36,30.99,10.95
Lab-E,104,18,1,0,27,26.93,36.0,13.52
Lab-E,104,15,3,0,23,34.58,56.36,23.53
Lab-E,104,9,0,0,33,24.34,67.59,16.51
Lab-E,104,17,3,0,42,33.25,65.76,24.22
Lab-E,104,19,0,0,15,30.73,50.62,13.53
Lab-E,104,12,5,1,13,23.84,51.6,11.49
Lab-E,104,11,1,0,41,31.69,50.77,21.87
Lab-E,104,18,3,0,12,22.82,62.51,9.89
Lab-E,104,17,4,0,21,28.45,67.63,23.67
Lab-E,104,18,6,1,47,29.32,73.64,16.21
Lab-E,104,13,4,0,13,19.77,64.77,13.45
Lab-E,104,14,1,0,29,31.88,50.47,20.75
Lab-E,104,12,5,1,44,35.56,69.09,22.41
Lab-E,104,8,4,0,30,35.85,41.48,18.59
Lab-E,104,8,2,0,50,21.73,67.31,15.63
Lab-E,104,16,3,0,20,25.36,55.8,17.52
Lab-E,104,14,0,0,24,28.85,68.61,20.25
Lab-E,104,10,0,0,52,19.79,55.91,19.97
Lab-E,104,20,5,1,47,21.52,37.89,10.5
Lab-E,104,10,1,0,8,31.44,58.65,22.23
Lab-E,104,14,2,0,23,35.47,49.74,26.01
Lab-E,104,19,1,0,13,35.99,43.32,17.05
Lab-E,104,12,0,0,33,20.42,42.06,17.59
Lab-E,104,11,4,0,46,26.63,37.55,24.33
Lab-E,104,8,6,1,37,27.6,62.69,13.36
Lab-E,104,10,1,0,15,27.81,41.39,16.17
Lab-E,104,19,6,1,9,28.51,61.75,11.78
Lab-E,104,11,6,1,25,33.28,33.46,17.72
Lab-E,104,11,0,0,27,33.52,36.36,22.33
Lab-E,104,16,1,0,14,25.0,35.2,12.52
Lab-E,104,13,4,0,29,30.74,55.31,21.96
Lab-E,104,16,4,0,45,30.89,53.43,23.89
Lab-E,104,19,1,0,38,26.36,57.49,17.57
Lab-E,104,20,5,1,28,35.32,66.11,13.86
Lab-E,104,20,4,0,45,22.03,51.08,13.93
Lab-E,104,15,0,0,9,33.69,52.6,20.67
Lab-E,104,20,5,1,42,26.39,65.35,15.39
Lab-E,104,19,1,0,28,25.7,30.77,15.85
Lab-E,104,9,6,1,21,21.72,62.22,11.06
Lab-E,104,15,6,1,13,20.85,30.44,10.86
Lab-E,104,10,2,0,20,27.66,34.91,20.04
Lab-E,104,17,0,0,23,33.48,40.78,22.56
Lab-E,104,13,4,0,48,23.65,30.13,17.08
Lab-E,104,16,0,0,18,29.91,55.65,22.02
Lab-E,104,19,2,0,42,30.51,32.66,17.6
Lab-E,104,16,4,0,19,23.47,35.37,16.71
Lab-E,104,18,2,0,47,25.56,31.04,13.47
Lab-E,104,15,1,0,45,29.68,34.4,21.31
Lab-E,104,12,2,0,9,34.58,43.7,20.21
Lab-E,104,15,6,1,39,27.93,52.92,16.63
Lab-E,104,16,0,0,37,35.3,64.67,26.14
Lab-E,104,13,2,0,43,21.31,67.38,18.17
Lab-E,104,19,5,1,43,32.71,50.99,17.63
Lab-E,104,19,5,1,8,24.45,52.44,10.43
Lab-E,104,12,4,0,42,21.33,49.17,17.68
Lab-E,104,16,0,0,13,30.23,69.06,16.54
Lab-E,104,13,0,0,49,22.79,45.52,19.55
Lab-E,104,18,6,1,25,27.08,49.85,12.37
Lab-E,104,15,1,0,52,32.91,50.08,27.27
Lab-E,104,17,2,0,32,31.27,54.49,24.77
Lab-E,104,9,2,0,39,35.65,35.39,17.92
Lab-E,104,19,3,0,29,28.04,56.66,16.92
Lab-E,104,10,1,0,15,33.56,43.7,20.95
Lab-E,104,8,4,0,27,31.58,66.99,17.96
Lab-E,104,18,2,0,30,25.69,46.68,12.91
Lab-E,104,8,0,0,24,25.62,31.52,12.3
Lab-E,104,13,1,0,45,28.83,65.47,22.85
Lab-E,104,17,5,1,18,20.67,72.99,10.56
Lab-E,104,18,6,1,37,32.47,44.6,17.16
Lab-E,104,9,2,0,23,19.14,34.17,5.91
Lab-E,104,8,2,0,38,27.94,50.04,15.63
Lab-E,104,10,0,0,29,32.22,70.04,25.4
Lab-E,104,11,5,1,12,32.58,68.95,17.48
Lab-E,104,19,1,0,56,29.05,70.03,19.23
Lab-E,104,8,4,0,23,29.93,66.61,18.84
Lab-E,104,14,5,1,21,24.92,55.65,14.34
Lab-E,104,13,6,1,56,27.78,46.95,19.44
Lab-E,104,8,3,0,18,31.29,46.75,15.84
Lab-E,104,12,4,0,38,20.03,58.84,16.0
Lab-E,104,9,3,0,40,31.89,67.24,22.23
Lab-E,104,17,0,0,43,28.89,57.8,23.83
Lab-E,104,14,5,1,56,28.45,36.96,17.54
Lab-E,104,10,2,0,41,27.38,46.7,20.54
Lab-E,104,11,5,1,46,35.15,48.67,22.22
Lab-E,104,14,5,1,16,23.86,44.88,10.27
Lab-E,104,17,3,0,27,29.78,38.36,16.89
Lab-E,104,10,0,0,56,30.19,71.2,24.67
Lab-E,104,14,0,0,46,28.49,30.66,23.31
Lab-E,104,15,5,1,38,31.66,51.73,13.66
Lab-E,104,9,1,0,47,25.81,37.14,17.17
Lab-E,104,20,1,0,39,35.72,69.41,22.68
Lab-E,104,14,6,1,12,24.77,56.45,11.68
Lab-E,104,17,0,0,28,22.43,71.95,18.08
Lab-E,104,18,2,0,36,25.93,36.14,11.32
Lab-E,104,17,5,1,19,24.58,39.46,15.09
Lab-E,104,12,1,0,49,20.45,44.29,16.2
Lab-E,104,19,2,0,25,27.8,31.91,13.34
Lab-E,104,16,3,0,34,28.64,49.27,23.75
Lab-E,104,16,0,0,19,27.5,31.15,16.0
Lab-E,104,17,4,0,56,20.07,58.7,19.14
Lab-E,104,9,0,0,48,34.93,72.11,21.74
Lab-E,104,17,1,0,47,29.68,57.38,26.07
Lab-E,104,15,6,1,11,22.57,36.79,5.47
Lab-E,104,18,6,1,37,29.23,71.69,15.8
Lab-E,104,8,5,1,34,30.83,43.96,14.55
Lab-E,104,16,5,1,21,32.74,73.44,16.37
Lab-E,104,17,3,0,45,29.25,59.33,26.23
Lab-E,104,8,5,1,48,24.94,58.75,12.29
Lab-E,104,19,4,0,37,31.77,64.8,20.39
Lab-E,104,14,3,0,35,21.87,41.46,16.67
Lab-E,104,12,0,0,23,35.57,40.63,26.23
Lab-E,104,20,4,0,21,29.95,61.1,15.42
Lab-E,104,17,6,1,36,20.15,41.92,14.73
Lab-E,104,20,3,0,33,29.14,46.84,15.87
Lab-E,104,15,5,1,44,31.14,61.47,19.27
Lab-E,104,20,4,0,43,21.03,57.81,11.58
Lab-E,104,20,0,0,31,23.9,54.2,10.44
Lab-E,104,11,6,1,22,21.99,55.36,10.87
Lab-E,104,12,4,0,12,28.6,53.67,16.85
Lab-E,104,14,4,0,48,32.15,45.91,27.93
Lab-E,104,15,5,1,55,28.54,31.19,18.94
Lab-E,104,19,1,0,45,30.99,72.63,21.45
Lab-E,104,18,3,0,21,32.03,43.94,16.43
Lab-E,104,10,4,0,48,19.09,32.54,15.16
Lab-E,104,8,0,0,20,34.42,52.82,16.16
Lab-E,104,9,5,1,51,25.65,68.01,10.22
Lab-E,104,17,2,0,45,34.33,56.34,26.48
Lab-E,104,8,6,1,45,32.8,32.37,14.91
Lab-E,104,13,4,0,34,20.25,72.97,16.31
Lab-E,104,13,5,1,45,35.45,46.79,20.59
Lab-E,104,11,3,0,9,28.41,73.42,12.89
Lab-E,104,18,2,0,54,20.71,52.98,17.94
Lab-E,104,14,0,0,20,29.41,69.59,20.55
Lab-E,104,15,1,0,21,21.11,37.31,12.85
Lab-E,104,10,1,0,13,31.56,69.03,20.41
Lab-E,104,9,4,0,8,20.45,40.21,5.71
Lab-E,104,10,6,1,56,25.49,44.33,16.58
Lab-E,104,14,2,0,56,22.76,46.24,19.02
Lab-E,104,20,0,0,14,25.51,67.7,12.72
Lab-E,104,20,4,0,23,21.9,30.54,10.18
Lab-E,104,13,1,0,11,25.41,65.65,14.24
Lab-E,104,14,6,1,25,31.03,59.28,15.49
Lab-E,104,13,4,0,23,28.01,65.05,17.86
Lab-E,104,18,1,0,30,20.96,72.06,13.62
Lab-E,104,20,1,0,49,32.51,39.16,19.77
Lab-E,104,17,5,1,16,23.62,37.97,12.1
Lab-E,104,17,2,0,31,28.75,66.83,21.14
Lab-E,104,19,4,0,9,27.14,44.76,9.74
Lab-E,104,11,5,1,8,24.77,41.27,8.94
Lab-E,104,19,0,0,47,19.76,58.22,10.94
Lab-E,104,11,1,0,24,21.5,72.15,18.4
Lab-E,104,17,4,0,11,32.71,69.44,21.29
Lab-E,104,14,3,0,42,22.91,58.68,19.31
Lab-E,104,16,0,0,22,33.76,42.8,24.66
Lab-E,104,20,6,1,23,26.8,67.46,13.36
Lab-E,104,20,3,0,29,21.22,48.58,12.76
Lab-E,104,16,3,0,41,21.31,40.24,19.33
Lab-E,104,18,1,0,38,31.12,63.68,21.44
Lab-E,104,13,5,1,50,31.31,44.93,19.8
Lab-E,104,12,5,1,23,28.49,62.33,12.19
Lab-E,104,15,5,1,36,32.75,62.75,16.58
Lab-E,104,19,6,1,30,21.81,55.8,7.77
Lab-E,104,10,1,0,36,32.57,71.0,24.05
Lab-E,104,12,5,1,40,28.09,30.96,15.86
Lab-E,104,10,1,0,35,31.5,58.58,21.69
Lab-E,104,9,0,0,26,35.54,70.58,18.87
Lab-E,104,9,3,0,20,26.42,60.36,11.09
Lab-E,104,10,0,0,9,23.43,44.3,12.01
Lab-E,104,13,3,0,40,27.95,41.92,19.61
Lab-E,104,8,3,0,27,35.25,35.75,18.63
Lab-E,104,18,1,0,43,30.77,46.47,15.7
Lab-E,104,19,0,0,34,29.31,47.7,16.12
Lab-E,104,20,0,0,10,21.95,57.43,10.36
Lab-E,104,20,5,1,55,29.22,65.87,14.11
Lab-E,104,16,6,1,42,31.17,42.11,20.33
Lab-E,104,11,1,0,30,27.9,35.97,19.9
Lab-E,104,10,4,0,13,19.46,44.05,11.86
Lab-E,104,18,6,1,55,22.78,38.66,8.54
Lab-E,104,11,5,1,38,32.29,46.04,18.64
Lab-E,104,18,3,0,26,28.67,42.76,17.89
Lab-E,104,19,4,0,49,26.91,73.44,18.19
Lab-E,104,8,1,0,50,29.22,53.53,18.82
Lab-E,104,18,2,0,50,29.38,53.66,18.23
Lab-E,104,12,3,0,27,31.1,32.24,20.16
Lab-E,104,19,3,0,49,28.29,30.99,15.75
Lab-E,104,9,0,0,56,29.69,70.17,17.49
Lab-E,104,12,1,0,51,34.61,30.93,28.64
Lab-E,104,18,4,0,19,25.67,58.9,15.62
Lab-E,104,17,3,0,44,31.22,33.78,22.83
Lab-E,104,18,0,0,15,34.53,65.09,19.05
Lab-E,104,20,2,0,36,22.18,46.21,13.21
Lab-E,104,9,5,1,47,29.99,73.29,14.81
Lab-E,104,9,0,0,11,34.43,58.3,14.21
Lab-E,104,17,4,0,13,27.11,53.38,15.4
Lab-E,104,19,0,0,11,32.38,35.56,15.2
Lab-E,104,11,2,0,35,25.84,57.19,18.16
Lab-E,104,11,4,0,16,33.78,72.72,20.68
Lab-E,104,16,2,0,18,19.63,47.29,11.22
Lab-E,104,8,5,1,44,24.94,72.59,13.79
Lab-E,104,9,1,0,39,22.6,68.97,17.83
Lab-E,104,13,2,0,40,25.61,69.68,21.18
Lab-E,104,20,3,0,9,34.33,54.06,17.28
Lab-E,104,9,4,0,51,19.93,43.82,13.61
Lab-E,104,8,2,0,44,23.49,35.72,13.41
Lab-E,104,14,4,0,15,35.2,55.32,23.7
Lab-E,104,19,2,0,49,21.4,42.15,14.4
Lab-E,104,17,4,0,31,32.09,69.47,25.15
Lab-E,104,13,1,0,15,21.88,64.48,13.26
Lab-E,104,9,6,1,54,24.07,66.98,12.09
Lab-E,104,8,5,1,22,21.48,33.49,9.47
Lab-E,104,15,2,0,29,24.96,45.68,17.42
Lab-E,104,16,6,1,18,21.02,64.74,9.77
Lab-E,104,8,5,1,14,19.59,39.87,6.99
Lab-E,104,10,0,0,14,31.55,67.64,20.32
Lab-E,104,10,3,0,27,24.43,73.99,18.63
Lab-E,104,20,3,0,25,24.46,52.68,11.71
Lab-E,104,11,5,1,8,35.31,55.33,15.45
Lab-E,104,14,1,0,48,31.53,34.19,22.8
Lab-E,104,17,4,0,40,33.2,39.07,24.35
Lab-E,104,17,3,0,18,20.8,38.7,13.04
Lab-E,104,9,4,0,32,31.73,38.22,14.84
Lab-E,104,15,1,0,23,34.79,66.63,23.69
Lab-E,104,15,5,1,43,21.28,30.43,11.87
Lab-E,104,20,0,0,31,22.8,70.32,13.95
Lab-E,104,12,5,1,48,31.14,36.78,19.69
Lab-E,104,17,4,0,45,25.28,50.8,21.37
Lab-E,104,16,3,0,19,24.34,48.41,16.72
Lab-E,104,17,6,1,22,31.43,65.51,21.08
Lab-E,104,15,2,0,40,27.2,55.19,19.41
Lab-E,104,15,6,1,36,19.06,39.36,11.81
Lab-E,104,20,6,1,47,29.17,37.8,15.63
Lab-E,104,12,2,0,48,25.58,52.94,19.52
Lab-E,104,13,3,0,21,26.22,69.97,18.57
Lab-E,104,11,6,1,9,32.07,42.92,13.88
Lab-E,104,15,2,0,21,19.33,37.07,12.2
Lab-E,104,10,6,1,30,31.96,34.76,16.4
Lab-E,104,20,4,0,45,24.65,52.1,15.9
Lab-E,104,14,0,0,11,31.45,38.28,16.92
Lab-E,104,14,6,1,34,31.5,72.44,21.63
Lab-E,104,17,4,0,9,29.25,53.99,16.95
Lab-E,104,15,4,0,42,31.18,52.55,28.51
Lab-E,104,14,4,0,53,19.33,32.6,19.25
Lab-E,104,12,0,0,31,21.84,38.33,12.74
Lab-E,104,15,5,1,42,25.51,37.58,11.62
Lab-E,104,18,5,1,12,25.65,32.0,9.88
Lab-E,104,17,6,1,38,32.98,35.69,18.82
Lab-E,104,14,3,0,55,25.52,58.53,20.02
Lab-E,104,14,3,0,53,28.04,32.4,24.46
Lab-E,104,11,4,0,8,34.03,59.54,22.12
Lab-E,104,16,1,0,39,34.63,43.16,22.89
Lab-E,104,16,4,0,50,34.19,70.22,26.53
Lab-E,104,9,0,0,10,24.03,68.89,10.49
Lab-E,104,13,4,0,39,34.41,72.97,26.81
Lab-E,104,9,6,1,38,25.11,30.38,8.66
Lab-E,104,8,3,0,53,19.48,30.8,10.24
Lab-E,104,9,1,0,42,21.73,64.79,12.89
Lab-E,104,19,6,1,26,21.48,73.9,7.24
Lab-E,104,12,3,0,9,34.4,66.13,21.07
Lab-E,104,12,1,0,38,34.1,43.17,23.21
Lab-E,104,14,2,0,28,35.97,73.32,26.14
Lab-E,104,15,2,0,36,34.25,73.37,26.96
Lab-E,104,9,0,0,27,34.24,63.81,16.64
Lab-E,104,12,0,0,41,26.06,47.74,21.89
Lab-E,104,12,2,0,33,31.35,67.16,21.93
Lab-E,104,16,2,0,45,20.81,36.07,14.88
Lab-E,104,12,0,0,16,34.33,32.15,18.98
Lab-E,104,20,3,0,33,30.93,69.02,20.66
Lab-E,104,12,0,0,43,27.45,71.77,24.17
Lab-E,104,8,3,0,26,19.53,70.26,14.08
Lab-E,104,15,4,0,44,23.32,32.81,17.33
Lab-E,104,17,6,1,23,30.9,66.07,14.18
Lab-E,104,13,3,0,56,22.64,63.52,22.32
Lab-E,104,8,6,1,46,21.42,54.25,9.85
Lab-E,104,10,6,1,53,34.9,36.4,17.04
Lab-E,104,16,5,1,46,25.25,57.83,16.51
Lab-E,104,14,6,1,20,34.9,47.67,19.69
Lab-E,104,10,0,0,34,23.51,72.4,18.36
Lab-E,104,14,6,1,27,30.39,49.87,15.95
Lab-E,104,20,5,1,9,33.18,51.88,14.15
Lab-E,104,16,2,0,28,19.54,48.65,13.97
Lab-E,104,12,6,1,19,23.2,55.7,10.52
Lab-E,104,16,5,1,18,28.82,37.04,14.17
Lab-E,104,9,6,1,35,29.92,48.81,13.06
Lab-E,104,10,1,0,41,25.34,59.31,21.02
Lab-E,104,14,2,0,46,26.24,40.37,19.6
Lab-E,104,17,0,0,9,33.12,63.84,19.91
Lab-E,104,15,2,0,17,33.68,32.5,21.52
Lab-E,104,18,5,1,55,21.0,41.7,9.4
Lab-E,104,13,2,0,15,30.13,49.28,16.48
Lab-E,104,16,1,0,11,25.74,62.49,17.01
Lab-E,104,18,1,0,12,26.49,52.34,13.88
Lab-E,104,15,5,1,40,32.38,55.64,18.49
Lab-E,104,19,6,1,40,23.89,65.72,10.47
Lab-E,104,18,1,0,17,33.43,48.68,17.34
Lab-E,104,19,4,0,14,19.48,45.31,9.9
Lab-E,104,18,2,0,44,23.33,42.37,14.08
Lab-E,104,20,2,0,8,31.37,46.61,16.53
Lab-E,104,20,4,0,30,20.57,33.88,9.85
Lab-E,104,8,2,0,42,26.27,38.82,19.01
Lab-E,104,16,1,0,34,31.98,42.96,22.68
Lab-E,104,17,6,1,19,25.44,72.47,13.21
Lab-E,104,19,5,1,42,23.06,61.37,11.57
Lab-E,104,15,5,1,16,26.01,57.93,11.05
Lab-E,104,8,1,0,52,25.45,41.93,18.47
Lab-E,104,19,4,0,48,25.02,51.27,18.49
Lab-E,104,17,4,0,34,24.77,71.58,19.08
Lab-E,104,18,5,1,14,29.01,60.86,11.51
Lab-E,104,18,3,0,35,28.42,59.01,18.64
Lab-E,104,12,4,0,30,30.02,55.43,23.31
Lab-E,104,13,1,0,36,22.52,64.77,18.29
Lab-E,104,20,2,0,48,22.16,72.55,14.11
Lab-E,104,12,0,0,28,29.26,44.85,19.83
Lab-E,104,17,1,0,43,31.6,44.4,23.92
Lab-E,104,13,1,0,43,29.2,34.71,20.93
Lab-E,104,8,0,0,33,23.87,39.46,14.73
Lab-E,104,11,3,0,42,28.88,51.27,22.11
Lab-E,104,18,5,1,47,22.35,40.66,11.32
Lab-E,104,8,5,1,45,19.66,35.6,7.11
Lab-E,104,15,2,0,8,22.13,55.91,11.43
Lab-E,104,19,0,0,57,23.44,33.67,14.09
Lab-E,104,8,6,1,14,30.02,64.2,12.52
Lab-E,104,14,6,1,14,19.5,44.49,10.04
Lab-E,104,11,0,0,10,25.12,43.11,16.47
Lab-E,104,11,4,0,31,28.1,70.07,16.97
Lab-E,104,16,4,0,15,25.52,58.86,19.55
Lab-E,104,10,0,0,46,24.19,45.79,21.2
Lab-E,104,20,5,1,55,30.27,72.01,14.19
Lab-E,104,12,4,0,55,27.65,45.94,20.77
Lab-E,104,18,1,0,15,25.99,68.43,12.97
Lab-F,120,18,6,1,43,19.87,70.91,8.97
Lab-F,120,19,4,0,40,25.7,65.8,14.79
Lab-F,120,9,5,1,11,22.14,49.38,8.04
Lab-F,120,10,1,0,42,24.03,54.52,15.88
Lab-F,120,18,1,0,20,24.2,39.45,13.16
Lab-F,120,16,0,0,18,29.59,37.38,19.04
Lab-F,120,14,4,0,14,34.86,48.21,23.39
Lab-F,120,11,3,0,53,30.14,57.01,25.88
Lab-F,120,8,0,0,38,30.52,45.84,17.87
Lab-F,120,18,2,0,13,35.0,36.24,16.82
Lab-F,120,11,4,0,52,21.73,65.82,20.03
Lab-F,120,17,4,0,50,20.48,31.88,16.76
Lab-F,120,10,1,0,32,19.24,64.32,14.91
Lab-F,120,14,5,1,49,35.29,69.74,24.08
Lab-F,120,16,2,0,15,34.76,72.8,23.79
Lab-F,120,19,5,1,18,35.06,71.67,14.06
Lab-F,120,14,6,1,17,35.05,34.13,15.75
Lab-F,120,15,3,0,10,24.76,35.95,11.56
Lab-F,120,10,1,0,41,28.51,69.5,23.68
Lab-F,120,20,2,0,9,32.19,60.9,14.39
Lab-F,120,10,5,1,28,28.99,72.5,15.36
Lab-F,120,18,0,0,41,25.14,30.1,16.38
Lab-F,120,14,5,1,16,24.63,57.53,13.89
Lab-F,120,17,4,0,21,35.11,48.18,27.4
Lab-F,120,18,3,0,43,31.4,72.33,18.19
Lab-F,120,13,0,0,37,25.2,54.84,19.23
Lab-F,120,13,0,0,43,26.3,51.65,22.76
Lab-F,120,19,1,0,49,21.9,48.07,11.96
Lab-F,120,19,3,0,29,22.56,61.47,10.26
Lab-F,120,20,2,0,35,30.77,47.3,17.81
Lab-F,120,20,6,1,45,34.91,55.9,15.09
Lab-F,120,17,2,0,23,31.06,68.81,22.18
Lab-F,120,10,1,0,17,31.85,71.33,21.92
Lab-F,120,15,0,0,14,26.02,35.53,16.77
Lab-F,120,8,2,0,17,22.86,49.76,10.42
Lab-F,120,14,0,0,32,19.15,40.67,11.69
Lab-F,120,16,6,1,38,29.46,33.38,17.84
Lab-F,120,10,5,1,14,32.92,71.34,16.56
Lab-F,120,15,3,0,19,24.77,32.86,14.82
Lab-F,120,9,6,1,57,19.76,67.79,14.0
Lab-F,120,18,3,0,25,34.84,38.76,15.85
Lab-F,120,13,3,0,45,31.34,60.76,25.02
Lab-F,120,17,1,0,55,29.21,56.5,24.06
Lab-F,120,18,4,0,21,35.09,62.02,19.17
Lab-F,120,17,6,1,19,24.67,47.47,9.69
Lab-F,120,15,2,0,26,28.84,61.26,24.03
Lab-F,120,20,6,1,10,26.13,60.73,12.09
Lab-F,120,12,6,1,30,30.05,69.72,18.96
Lab-F,120,10,5,1,48,26.13,54.37,17.5
Lab-F,120,11,3,0,46,24.5,42.43,19.8
Lab-F,120,12,1,0,42,29.28,55.68,23.25
Lab-F,120,12,6,1,18,33.05,34.08,16.09
Lab-F,120,10,3,0,42,34.06,57.45,23.95
Lab-F,120,15,1,0,51,22.65,40.61,17.41
Lab-F,120,16,2,0,36,22.95,39.78,17.1
Lab-F,120,15,2,0,41,30.7,72.95,28.06
Lab-F,120,10,2,0,49,30.73,56.06,26.26
Lab-F,120,20,1,0,11,34.19,57.52,15.77
Lab-F,120,17,3,0,22,23.33,63.23,16.43
Lab-F,120,13,1,0,9,25.78,70.86,21.59
Lab-F,120,14,4,0,28,30.36,67.4,20.28
Lab-F,120,18,4,0,54,34.37,52.84,24.5
Lab-F,120,13,3,0,54,19.37,73.16,19.5
Lab-F,120,10,4,0,37,24.1,46.31,19.06
Lab-F,120,16,2,0,50,35.34,48.86,30.36
Lab-F,120,16,5,1,41,29.32,40.43,15.96
Lab-F,120,17,5,1,16,26.05,65.73,12.18
Lab-F,120,15,6,1,47,24.58,70.52,17.36
Lab-F,120,13,0,0,48,21.77,71.77,20.36
Lab-F,120,17,1,0,19,22.55,70.65,13.57
Lab-F,120,19,6,1,8,34.73,52.88,14.66
Lab-F,120,9,5,1,26,20.01,72.15,4.24
Lab-F,120,11,2,0,9,21.85,36.81,13.5
Lab-F,120,20,3,0,27,19.89,47.36,11.13
Lab-F,120,18,5,1,38,30.69,38.82,13.09
Lab-F,120,18,4,0,20,31.91,54.97,19.31
Lab-F,120,8,0,0,45,34.97,59.3,19.91
Lab-F,120,18,4,0,54,22.31,62.17,17.45
Lab-F,120,19,3,0,27,35.57,61.95,20.07
Lab-F,120,10,4,0,26,26.18,62.89,17.84
Lab-F,120,18,2,0,34,29.08,47.31,16.63
Lab-F,120,14,4,0,13,21.85,47.65,12.48
Lab-F,120,8,2,0,44,31.63,71.76,21.78
Lab-F,120,11,5,1,8,30.7,48.26,14.19
Lab-F,120,8,1,0,54,24.86,61.01,17.22
Lab-F,120,8,6,1,18,26.89,63.1,8.18
Lab-F,120,13,4,0,28,25.3,72.69,19.27
Lab-F,120,16,2,0,23,19.53,43.57,14.16
Lab-F,120,14,3,0,25,33.8,43.46,24.43
Lab-F,120,19,6,1,9,28.25,32.79,8.43
Lab-F,120,14,6,1,45,30.89,54.99,20.95
Lab-F,120,10,5,1,31,22.26,58.15,10.87
Lab-F,120,17,4,0,16,30.64,66.43,22.19
Lab-F,120,10,0,0,28,31.47,37.2,23.42
Lab-F,120,12,4,0,54,33.14,52.47,27.52
Lab-F,120,12,5,1,15,19.39,32.23,9.17
Lab-F,120,13,6,1,44,22.39,53.12,12.74
Lab-F,120,18,0,0,41,20.96,69.4,15.17
Lab-F,120,18,1,0,43,27.24,46.41,18.04
Lab-F,120,19,6,1,57,21.03,63.31,10.38
Lab-F,120,12,0,0,24,28.33,39.06,18.25
Lab-F,120,13,1,0,39,28.8,61.82,21.66
Lab-F,120,13,2,0,27,27.44,54.92,16.78
Lab-F,120,13,5,1,23,21.92,46.98,9.33
Lab-F,120,12,4,0,36,28.62,59.44,23.24
Lab-F,120,13,2,0,30,30.92,32.68,23.14
Lab-F,120,16,3,0,44,35.7,65.01,28.74
Lab-F,120,17,4,0,16,29.0,66.71,18.37
Lab-F,120,20,5,1,22,31.11,68.73,12.03
Lab-F,120,10,6,1,42,27.5,58.03,18.42
Lab-F,120,11,0,0,22,35.03,67.7,23.03
Lab-F,120,18,0,0,12,23.76,67.08,11.11
Lab-F,120,16,6,1,15,28.38,64.76,16.0
Lab-F,120,12,3,0,56,29.07,30.35,24.48
Lab-F,120,13,6,1,30,31.97,64.5,18.15
Lab-F,120,16,2,0,47,34.94,37.58,27.19
Lab-F,120,16,2,0,8,26.02,68.0,16.91
Lab-F,120,12,0,0,29,30.56,34.86,19.19
Lab-F,120,20,6,1,37,21.6,72.86,10.88
Lab-F,120,9,3,0,11,35.19,69.28,18.71
Lab-F,120,17,3,0,9,30.14,58.97,16.29
Lab-F,120,19,1,0,40,27.56,47.15,16.69
Lab-F,120,16,3,0,45,26.62,65.28,23.7
Lab-F,120,12,5,1,9,23.81,40.2,11.65
Lab-F,120,13,3,0,10,32.78,30.85,20.58
Lab-F,120,11,4,0,49,28.36,64.04,23.57
Lab-F,120,14,6,1,46,32.59,61.19,22.12
Lab-F,120,8,3,0,54,25.87,69.05,21.27
Lab-F,120,16,3,0,8,34.54,54.49,21.58
Lab-F,120,10,6,1,8,32.22,37.13,16.85
Lab-F,120,13,4,0,25,28.68,40.57,20.27
Lab-F,120,11,3,0,51,23.9,53.27,20.77
Lab-F,120,11,6,1,36,28.56,70.86,16.76
Lab-F,120,13,6,1,35,20.8,57.17,16.46
Lab-F,120,17,6,1,32,21.32,66.7,14.45
Lab-F,120,13,1,0,42,31.73,41.65,23.71
Lab-F,120,13,0,0,53,34.85,62.53,33.31
Lab-F,120,10,5,1,13,35.13,34.94,16.77
Lab-F,120,8,1,0,36,24.34,72.86,17.7
Lab-F,120,8,3,0,33,31.68,54.25,15.11
Lab-F,120,17,4,0,24,30.04,65.16,19.12
Lab-F,120,15,1,0,47,21.48,59.82,16.59
Lab-F,120,14,2,0,53,24.18,40.73,23.7
Lab-F,120,19,1,0,20,26.06,46.19,12.85
Lab-F,120,19,3,0,49,32.5,57.63,19.88
Lab-F,120,17,6,1,48,25.8,71.84,18.64
Lab-F,120,16,0,0,39,29.57,36.9,23.5
Lab-F,120,11,0,0,26,28.08,30.08,21.87
Lab-F,120,15,2,0,32,26.44,51.39,19.14
Lab-F,120,9,0,0,34,19.74,68.35,13.51
Lab-F,120,10,0,0,23,30.22,58.58,19.15
Lab-F,120,18,0,0,28,28.12,32.23,15.66
Lab-F,120,12,6,1,31,26.12,39.78,13.69
Lab-F,120,16,6,1,16,21.63,62.09,11.47
Lab-F,120,19,0,0,39,29.78,55.13,19.35
Lab-F,120,9,5,1,16,31.35,71.19,12.77
Lab-F,120,9,1,0,40,24.83,32.17,14.92
Lab-F,120,16,4,0,53,25.99,68.05,23.35
Lab-F,120,12,3,0,26,29.83,34.74,22.08
Lab-F,120,8,4,0,21,25.67,53.63,13.35
Lab-F,120,9,1,0,33,19.98,44.05,13.27
Lab-F,120,20,6,1,26,30.64,40.9,15.4
Lab-F,120,8,4,0,23,35.13,73.11,21.32
Lab-F,120,12,1,0,25,22.54,38.22,13.99
Lab-F,120,8,3,0,50,23.63,42.26,16.77
Lab-F,120,13,2,0,54,20.29,58.89,18.1
Lab-F,120,14,4,0,22,34.12,32.95,23.27
Lab-F,120,15,4,0,57,22.1,35.6,20.31
Lab-F,120,8,5,1,19,32.2,60.52,13.91
Lab-F,120,16,2,0,38,32.21,68.08,23.18
Lab-F,120,17,0,0,28,23.36,31.4,17.56
Lab-F,120,18,5,1,33,24.55,30.5,9.79
Lab-F,120,9,5,1,37,21.55,45.77,10.93
Lab-F,120,14,1,0,13,23.7,54.18,16.68
Lab-F,120,17,2,0,25,26.14,35.66,17.63
Lab-F,120,14,4,0,9,24.95,61.63,15.73
Lab-F,120,13,5,1,12,19.07,31.18,5.77
Lab-F,120,17,4,0,10,28.03,31.74,17.71
Lab-F,120,11,3,0,49,31.76,52.3,26.59
Lab-F,120,17,6,1,57,25.11,35.54,15.92
Lab-F,120,9,1,0,9,25.43,51.14,11.63
Lab-F,120,14,0,0,21,28.14,44.75,19.13
Lab-F,120,18,4,0,28,30.22,37.49,19.82
Lab-F,120,8,6,1,36,25.83,60.54,10.84
Lab-F,120,8,5,1,47,31.29,48.21,14.41
Lab-F,120,15,1,0,49,21.33,40.47,18.23
Lab-F,120,14,1,0,15,22.28,56.2,12.49
Lab-F,120,13,5,1,21,30.31,47.54,14.98
Lab-F,120,9,5,1,53,28.61,33.48,11.95
Lab-F,120,20,1,0,56,30.55,63.11,19.2
Lab-F,120,8,1,0,33,32.57,68.12,17.74
Lab-F,120,13,2,0,37,21.67,72.16,18.33
Lab-F,120,14,5,1,14,29.47,59.01,13.37
Lab-F,120,11,6,1,48,34.05,67.62,23.18
Lab-F,120,15,5,1,36,29.07,51.01,15.67
Lab-F,120,15,2,0,14,25.95,37.82,15.27
Lab-F,120,17,0,0,56,32.29,54.19,28.14
Lab-F,120,10,0,0,47,34.46,68.74,30.57
Lab-F,120,12,6,1,25,35.36,71.75,18.58
Lab-F,120,15,3,0,51,32.47,64.14,26.74
Lab-F,120,8,2,0,12,29.88,62.46,15.43
Lab-F,120,13,4,0,51,31.26,72.1,26.73
Lab-F,120,17,6,1,8,28.45,33.97,10.51
Lab-F,120,8,5,1,27,20.39,58.52,11.87
Lab-F,120,20,1,0,36,22.04,36.05,12.99
Lab-F,120,17,6,1,37,32.24,56.26,20.84
Lab-F,120,10,4,0,46,35.6,47.2,27.16
Lab-F,120,18,1,0,14,29.16,54.07,14.27
Lab-F,120,11,6,1,8,23.3,39.1,7.95
Lab-F,120,20,5,1,27,33.5,56.22,15.82
Lab-F,120,14,3,0,27,25.91,47.75,19.24
Lab-F,120,9,5,1,35,33.87,30.72,14.15
Lab-F,120,13,0,0,48,33.95,60.38,27.89
Lab-F,120,11,1,0,44,34.93,57.91,27.31
Lab-F,120,9,3,0,47,19.81,56.33,14.09
Lab-F,120,9,3,0,9,32.32,61.08,16.18
Lab-F,120,10,1,0,17,21.04,40.51,12.12
Lab-F,120,13,6,1,23,21.98,38.3,10.83
Lab-F,120,10,5,1,42,35.11,40.51,20.03
Lab-F,120,12,0,0,48,26.53,40.32,19.13
Lab-F,120,11,3,0,21,25.9,48.98,16.93
Lab-F,120,16,4,0,34,22.73,68.17,15.88
Lab-F,120,14,2,0,41,19.12,45.16,17.62
Lab-F,120,17,4,0,31,31.73,72.36,24.48
Lab-F,120,17,2,0,51,23.78,36.22,21.32
Lab-F,120,15,4,0,48,35.29,39.58,27.94
Lab-F,120,15,3,0,23,21.35,35.16,14.09
Lab-F,120,20,1,0,46,32.36,60.6,22.04
Lab-F,120,19,5,1,27,21.68,42.99,9.14
Lab-F,120,13,3,0,24,35.49,50.89,20.72
Lab-F,120,10,4,0,46,19.04,57.21,13.58
Lab-F,120,16,6,1,26,31.01,54.52,18.74
Lab-F,120,9,1,0,54,24.43,70.17,16.48
Lab-F,120,14,3,0,51,25.63,66.41,21.56
Lab-F,120,9,2,0,46,19.54,70.43,13.21
Lab-F,120,9,2,0,39,28.05,55.06,16.8
Lab-F,120,20,5,1,32,31.73,42.36,11.77
Lab-F,120,15,0,0,9,25.57,68.81,17.32
Lab-F,120,18,0,0,47,26.28,71.07,20.9
Lab-F,120,12,2,0,31,35.54,58.26,23.32
Lab-F,120,9,1,0,9,19.51,30.39,10.21
Lab-F,120,14,5,1,13,28.31,60.62,13.85
Lab-F,120,16,3,0,50,34.13,43.17,29.12
Lab-F,120,16,1,0,50,30.06,47.24,25.14
Lab-F,120,19,5,1,33,35.88,69.98,17.73
Lab-F,120,11,5,1,44,27.91,63.48,15.83
Lab-F,120,20,0,0,39,24.72,70.37,15.61
Lab-F,120,9,0,0,52,26.86,42.71,17.82
Lab-F,120,12,3,0,51,19.75,34.88,16.5
Lab-F,120,12,4,0,26,29.32,43.53,17.15
Lab-F,120,14,1,0,12,35.87,47.29,19.2
Lab-F,120,13,2,0,37,34.63,64.61,29.15
Lab-F,120,12,6,1,34,35.91,31.46,22.31
Lab-F,120,16,6,1,50,34.58,51.04,20.86
Lab-F,120,12,1,0,26,25.1,56.23,17.21
Lab-F,120,15,0,0,25,22.68,44.15,14.69
Lab-F,120,9,4,0,17,21.15,66.01,12.95
Lab-F,120,17,5,1,9,24.71,50.54,14.18
Lab-F,120,19,0,0,52,19.42,34.1,13.44
Lab-F,120,10,4,0,48,27.95,48.68,21.93
Lab-F,120,8,3,0,27,22.78,39.79,13.01
Lab-F,120,9,5,1,31,25.59,54.49,14.77
Lab-F,120,12,2,0,57,27.17,61.53,25.74
Lab-F,120,14,6,1,44,22.43,49.76,16.76
Lab-F,120,19,2,0,42,25.2,51.9,13.25
Lab-F,120,20,0,0,29,33.38,36.83,19.78
Lab-F,120,20,4,0,48,29.36,72.24,17.01
Lab-F,120,19,6,1,25,33.62,72.17,14.87
Lab-F,120,12,4,0,27,30.04,34.12,21.19
Lab-F,120,11,0,0,28,28.98,31.14,17.3
Lab-F,120,9,3,0,48,24.37,36.42,14.07
Lab-F,120,16,0,0,55,22.87,59.74,20.47
Lab-F,120,20,5,1,31,26.68,46.18,14.18
Lab-F,120,11,0,0,25,24.95,52.97,19.54
Lab-F,120,17,3,0,10,26.85,34.73,14.75
Lab-F,120,19,1,0,28,24.53,68.1,16.31
Lab-F,120,20,4,0,27,25.75,56.94,10.86
Lab-F,120,14,5,1,23,21.91,59.79,11.77
Lab-F,120,11,1,0,28,35.96,51.45,27.35
Lab-F,120,19,4,0,46,19.62,48.79,11.06
Lab-F,120,15,2,0,44,31.81,73.34,24.46
Lab-F,120,20,5,1,38,31.82,59.0,11.47
Lab-F,120,9,2,0,54,23.39,51.41,16.61
Lab-F,120,14,2,0,36,23.17,42.92,13.28
Lab-F,120,14,1,0,35,26.6,45.5,18.91
Lab-F,120,20,5,1,50,29.64,48.32,11.9
Lab-F,120,11,5,1,8,25.47,35.93,9.11
Lab-F,120,20,0,0,8,31.65,73.18,21.25
Lab-F,120,8,5,1,44,35.62,44.42,19.5
Lab-F,120,10,0,0,42,19.83,66.33,20.06
Lab-F,120,8,5,1,47,25.64,32.9,11.25
Lab-F,120,18,5,1,37,34.46,35.1,15.98
Lab-F,120,12,2,0,18,32.39,72.28,23.57
Lab-F,120,16,6,1,32,19.49,41.13,15.31
Lab-F,120,10,4,0,31,25.2,57.46,16.3
Lab-F,120,14,1,0,20,24.83,61.02,18.2
Lab-F,120,12,5,1,17,28.17,69.6,14.99
Lab-F,120,10,4,0,29,35.74,34.97,23.18
Lab-F,120,10,5,1,27,31.15,50.67,18.01
Lab-F,120,9,3,0,53,33.83,32.83,20.66
Lab-F,120,20,6,1,13,29.21,31.98,12.5
Lab-F,120,16,1,0,10,24.33,70.74,18.66
Lab-F,120,10,6,1,30,22.02,51.47,13.51
Lab-F,120,14,4,0,51,28.53,47.8,21.7
Lab-F,120,20,2,0,13,30.96,33.63,14.11
Lab-F,120,19,3,0,27,20.72,71.1,13.17
Lab-F,120,14,0,0,22,25.26,40.77,14.34
Lab-F,120,18,3,0,8,26.91,67.13,12.47
Lab-F,120,15,2,0,54,22.86,54.65,20.49
Lab-F,120,16,6,1,36,21.92,71.41,14.55
Lab-F,120,18,2,0,55,20.62,62.58,15.71
Lab-F,120,18,3,0,14,30.53,50.67,16.19
Lab-F,120,14,3,0,55,19.87,56.45,13.01
Lab-F,120,8,6,1,26,29.42,58.89,9.4
Lab-F,120,13,2,0,48,28.84,43.73,22.13
Lab-F,120,15,5,1,8,33.21,38.81,15.64
Lab-F,120,8,4,0,8,33.17,60.73,16.23
Lab-F,120,13,0,0,46,27.62,45.27,18.75
Lab-F,120,11,4,0,16,35.71,58.54,25.94
Lab-F,120,12,5,1,11,23.75,49.67,11.37
Lab-F,120,15,3,0,9,23.46,60.89,15.32
Lab-F,120,17,6,1,46,32.1,69.09,23.9
Lab-F,120,9,4,0,15,28.75,39.56,16.15
Lab-F,120,20,0,0,16,24.7,37.57,10.17
Lab-F,120,12,2,0,56,34.78,51.05,28.69
Lab-F,120,14,6,1,52,32.9,40.55,21.03
Lab-F,120,12,4,0,28,28.4,39.29,16.51
Lab-F,120,18,1,0,41,28.61,67.99,16.96
Lab-F,120,20,4,0,17,30.26,53.11,17.24
Lab-F,120,16,5,1,43,29.38,51.56,18.19
Lab-F,120,13,4,0,52,24.82,45.68,24.96
Lab-F,120,16,4,0,56,33.62,54.69,28.83
Lab-F,120,13,5,1,39,35.59,32.43,19.62
Lab-F,120,14,2,0,36,22.46,56.59,16.89
Lab-F,120,15,0,0,20,30.71,66.69,19.09
Lab-F,120,13,5,1,18,28.96,50.0,15.17
Lab-F,120,10,3,0,53,31.82,52.78,24.89
Lab-F,120,11,1,0,36,35.12,61.04,25.31
Lab-F,120,14,4,0,27,28.23,53.17,23.67
Lab-F,120,11,2,0,25,35.02,41.03,25.24
Lab-F,120,14,4,0,12,21.34,39.0,13.26
Lab-F,120,14,5,1,37,35.55,68.6,20.78
Lab-F,120,9,1,0,17,35.59,40.37,20.13
Lab-F,120,10,5,1,39,28.46,39.94,14.96
Lab-F,120,20,0,0,15,20.4,46.05,8.41
Lab-F,120,8,5,1,35,31.83,44.15,11.7
Lab-F,120,20,6,1,35,35.98,58.09,14.5
Lab-F,120,12,6,1,20,29.93,52.48,14.28
Lab-F,120,17,6,1,38,35.1,68.93,19.81
Lab-F,120,13,4,0,12,21.73,33.38,9.64
